district_id,region,district,class,latitude,longitude,total_pop,poverty_rate_pct,poverty_intensity_pct,illiteracy_rate_pct,uninsurance_rate_pct,youth_dependency_ratio,sex_ratio,employment_rate_pct,pop_0_14,pop_15_64,pop_65plus,nmr_per1000lb,imr_per1000lb,u5mr_per1000lb,pnmr_per1000lb,child_mr_per1000lb,bcg_coverage_pct,dpt3_coverage_pct,measles_coverage_pct,fully_vaccinated_pct,polio3_coverage_pct,diarrhea_prevalence_pct,ors_use_pct,continued_feeding_diarrhea_pct,early_breastfeeding_pct,dietary_diversity_pct,min_meal_freq_pct,child_anemia_any_pct,child_anemia_moderate_pct,child_anemia_severe_pct,improved_water_pct,piped_water_pct,surface_water_pct,improved_sanitation_pct,open_defecation_pct,women_no_edu_pct,women_secondary_plus_pct,female_literacy_pct,u5mr_high_risk,nmr_high_risk
1,Ahafo,Asunafo North Municipal,Municipal,6.81509969999999,-2.67736640122449,151258,26.1,42.0,26.32,14.24,59.28,103.65,53.18,54201,91432,5625,9.0,17.0,29.0,5.0,12.0,88.8,84.36,84.1,72.0,78.5,23.3,44.01666666666667,24.58333333333333,62.14,40.06,31.65,35.5,11.55,0.35,66.88,1.05,10.9,34.983333333333334,11.45,13.4,75.65,69.95,0,0
2,Ahafo,Asunafo South,District,6.56280465,-2.53279356335542,91693,26.2,42.7,28.89,47.5,62.41,104.74,56.49,33853,54241,3599,9.0,17.0,29.0,5.0,12.0,88.8,82.34,84.1,72.75,78.5,21.01,44.01666666666667,24.58333333333333,60.82,39.91,31.65,35.5,11.55,0.35,69.11,1.05,10.9,34.983333333333334,11.45,13.4,75.65,71.94,0,0
3,Ahafo,Asutifi North,District,7.07651835,-2.52531850396715,73556,26.6,43.1,25.55,17.3,58.29,107.01,51.41,26046,44681,2829,9.0,17.0,29.0,5.0,12.0,88.8,85.03,84.1,71.57,78.5,23.41,44.01666666666667,24.58333333333333,61.17,40.39,31.65,35.5,11.55,0.35,72.45,1.05,10.9,34.983333333333334,11.45,13.4,75.65,72.79,0,0
4,Ahafo,Asutifi South,District,6.84924284999999,-2.46125343688365,67334,23.2,42.4,29.26,21.67,62.46,103.81,50.88,24916,39893,2525,9.0,17.0,29.0,5.0,12.0,88.8,85.31,84.1,73.11,78.5,20.64,44.01666666666667,24.58333333333333,60.87,42.01,31.65,35.5,11.55,0.35,66.43,1.05,10.9,34.983333333333334,11.45,13.4,75.65,69.32,0,0
5,Ahafo,Tano North Municipal,Municipal,7.19329065,-2.2080833699397,93838,21.6,42.3,23.45,14.1,58.01,95.6,51.5,32797,56534,4507,9.0,17.0,29.0,5.0,12.0,88.8,80.97,84.1,73.92,78.5,23.48,44.01666666666667,24.58333333333333,60.5,39.77,31.65,35.5,11.55,0.35,70.08,1.05,10.9,34.983333333333334,11.45,13.4,75.65,71.74,0,0
6,Ahafo,Tano South Municipal,Municipal,7.16093674999999,-1.99681708617696,86989,23.7,42.6,27.91,20.45,62.19,94.72,52.58,31841,51200,3948,9.0,17.0,29.0,5.0,12.0,88.8,81.95,84.1,72.63,78.5,21.5,44.01666666666667,24.58333333333333,59.18,41.86,31.65,35.5,11.55,0.35,68.83,1.05,10.9,34.983333333333334,11.45,13.4,75.65,71.37,0,0
7,Ashanti,Adansi Asokwa,District,6.2467263,-1.50841,71844,32.4,43.3,28.26,50.15,62.99,96.85,51.89,26456,41999,3389,17.5,34.0,45.0,12.0,11.0,97.2,88.69,91.9,80.03,89.9,17.19,42.583333333333336,33.11666666666667,67.17,44.94,41.2,39.05,13.7,0.4,80.41,1.5499999999999998,1.45,37.1,8.3,6.55,83.75,80.61,0,0
8,Ashanti,Adansi North,District,6.3006124,-1.5897139446089,54155,19.7,42.8,18.16,27.63,54.48,97.57,48.48,18243,33485,2427,17.5,34.0,45.0,12.0,11.0,97.2,88.03,91.9,79.58,89.9,19.15,42.583333333333336,33.11666666666667,66.28,46.49,41.2,39.05,13.7,0.4,78.19,1.5499999999999998,1.45,37.1,8.3,6.55,83.75,80.08,0,0
9,Ashanti,Adansi South,District,6.00427495,-1.39314032189093,85200,35.0,43.2,27.07,46.09,62.6,97.24,54.97,31297,49996,3907,17.5,34.0,45.0,12.0,11.0,97.2,88.47,91.9,79.5,89.9,16.26,42.583333333333336,33.11666666666667,65.52,46.96,41.2,39.05,13.7,0.4,79.81,1.5499999999999998,1.45,37.1,8.3,6.55,83.75,77.92,0,0
10,Ashanti,Afigya Kwabre North,District,7.03891495,-1.62667127242319,73330,25.2,43.7,23.98,30.12,70.24,96.16,48.21,29049,41355,2926,17.5,34.0,45.0,12.0,11.0,97.2,87.22,91.9,78.42,89.9,15.39,42.583333333333336,33.11666666666667,68.17,50.47,41.2,39.05,13.7,0.4,80.05,1.5499999999999998,1.45,37.1,8.3,6.55,83.75,78.21,0,0
11,Ashanti,Afigya Kwabre South,District,6.83998064999999,-1.60957900170106,234667,13.0,43.3,13.42,24.97,61.43,94.35,50.7,86710,141162,6795,17.5,34.0,45.0,12.0,11.0,97.2,89.82,91.9,79.97,89.9,16.13,42.583333333333336,33.11666666666667,67.99,44.73,41.2,39.05,13.7,0.4,81.95,1.5499999999999998,1.45,37.1,8.3,6.55,83.75,80.14,0,0
12,Ashanti,Ahafo Ano North Municipal,Municipal,6.90966445,-2.23301229669742,92742,26.5,41.2,24.92,30.64,62.02,99.35,56.88,34011,54838,3893,17.5,34.0,45.0,12.0,11.0,97.2,89.67,91.9,79.35,89.9,17.48,42.583333333333336,33.11666666666667,64.72,49.01,41.2,39.05,13.7,0.4,78.9,1.5499999999999998,1.45,37.1,8.3,6.55,83.75,81.64,0,0
13,Ashanti,Ahafo Ano South East,District,6.94633355,-1.90095355028736,63468,31.8,42.5,32.24,32.34,71.19,101.11,53.71,25185,35377,2906,17.5,34.0,45.0,12.0,11.0,97.2,88.6,91.9,82.64,89.9,14.45,42.583333333333336,33.11666666666667,67.22,47.02,41.2,39.05,13.7,0.4,79.76,1.5499999999999998,1.45,37.1,8.3,6.55,83.75,76.78,0,0
14,Ashanti,Ahafo Ano South West,District,6.8289788,-2.00038660056909,65770,31.9,41.8,31.43,37.52,64.65,103.75,55.61,24659,38142,2969,17.5,34.0,45.0,12.0,11.0,97.2,90.19,91.9,81.86,89.9,17.76,42.583333333333336,33.11666666666667,68.89,47.42,41.2,39.05,13.7,0.4,76.97,1.5499999999999998,1.45,37.1,8.3,6.55,83.75,80.62,0,0
15,Ashanti,Akrofuom,District,6.03262245,-1.67136425707588,49291,37.0,44.2,30.03,42.84,58.86,119.74,50.69,17491,29718,2082,17.5,34.0,45.0,12.0,11.0,97.2,89.2,91.9,80.08,89.9,15.99,42.583333333333336,33.11666666666667,68.99,46.98,41.2,39.05,13.7,0.4,80.99,1.5499999999999998,1.45,37.1,8.3,6.55,83.75,81.88,0,0
16,Ashanti,Amansie Central,District,6.20744165,-1.82814118592735,93052,28.6,43.3,29.44,33.99,57.8,111.65,55.37,32406,56066,4580,17.5,34.0,45.0,12.0,11.0,97.2,87.21,91.9,78.36,89.9,18.52,42.583333333333336,33.11666666666667,68.94,47.47,41.2,39.05,13.7,0.4,78.06,1.5499999999999998,1.45,37.1,8.3,6.55,83.75,79.87,0,0
17,Ashanti,Amansie South,District,6.30802585,-2.01186652006877,113155,30.3,44.4,30.17,48.14,52.44,117.85,54.39,37756,72001,3398,17.5,34.0,45.0,12.0,11.0,97.2,89.05,91.9,77.83,89.9,13.21,42.583333333333336,33.11666666666667,67.46,46.57,41.2,39.05,13.7,0.4,78.36,1.5499999999999998,1.45,37.1,8.3,6.55,83.75,80.93,0,0
18,Ashanti,Amansie West,District,6.43975084999999,-1.85237045719587,112627,31.0,44.7,27.0,43.02,61.25,109.47,47.79,41149,67184,4294,17.5,34.0,45.0,12.0,11.0,97.2,87.06,91.9,81.29,89.9,15.62,42.583333333333336,33.11666666666667,66.13,48.98,41.2,39.05,13.7,0.4,79.17,1.5499999999999998,1.45,37.1,8.3,6.55,83.75,79.05,0,0
19,Ashanti,Asante Akim Central Municipal,Municipal,6.56465915,-1.25347851347396,91673,16.9,42.6,17.22,19.68,55.83,92.42,48.87,31400,56241,4032,17.5,34.0,45.0,12.0,11.0,97.2,89.82,91.9,79.89,89.9,14.27,42.583333333333336,33.11666666666667,65.77,46.12,41.2,39.05,13.7,0.4,76.86,1.5499999999999998,1.45,37.1,8.3,6.55,83.75,79.92,0,0
20,Ashanti,Asante Akim North Municipal,Municipal,6.906722,-0.958978,85202,26.0,42.1,23.85,34.0,55.04,94.16,52.87,28732,52202,4268,17.5,34.0,45.0,12.0,11.0,97.2,88.43,91.9,80.22,89.9,15.56,42.583333333333336,33.11666666666667,67.92,48.5,41.2,39.05,13.7,0.4,79.54,1.5499999999999998,1.45,37.1,8.3,6.55,83.75,77.67,0,0
21,Ashanti,Asante Akim South Municipal,Municipal,6.46141735,-1.11533920112058,123633,24.6,42.2,25.62,32.61,65.69,97.21,56.16,46188,70310,7135,17.5,34.0,45.0,12.0,11.0,97.2,88.22,91.9,76.88,89.9,17.17,42.583333333333336,33.11666666666667,67.97,45.83,41.2,39.05,13.7,0.4,80.65,1.5499999999999998,1.45,37.1,8.3,6.55,83.75,76.58,0,0
22,Ashanti,Asokore Mampong Municipal,Municipal,6.7077852,-1.5665013,191402,11.3,42.7,19.35,20.28,51.93,94.52,51.48,62820,120969,7613,17.5,34.0,45.0,12.0,11.0,97.2,87.48,91.9,80.89,89.9,16.53,42.583333333333336,33.11666666666667,69.33,46.71,41.2,39.05,13.7,0.4,79.64,1.5499999999999998,1.45,37.1,8.3,6.55,83.75,81.51,0,0
23,Ashanti,Asokwa Municipal,Municipal,6.6739843,-1.6026178,125642,6.3,41.4,10.73,14.25,48.27,94.74,55.93,39287,81383,4972,17.5,34.0,45.0,12.0,11.0,97.2,90.33,91.9,80.18,89.9,16.42,42.583333333333336,33.11666666666667,69.05,45.19,41.2,39.05,13.7,0.4,76.82,1.5499999999999998,1.45,37.1,8.3,6.55,83.75,78.62,0,0
24,Ashanti,Atwima Kwanwoma,District,6.65,-1.73333,234846,13.8,43.3,13.57,26.15,59.8,92.63,50.01,84950,142066,7830,17.5,34.0,45.0,12.0,11.0,97.2,88.27,91.9,77.83,89.9,16.56,42.583333333333336,33.11666666666667,67.2,47.48,41.2,39.05,13.7,0.4,79.01,1.5499999999999998,1.45,37.1,8.3,6.55,83.75,79.42,0,0
25,Ashanti,Atwima Mponua,District,6.5558963,-2.17659077213842,155254,25.1,42.4,29.22,24.13,64.9,108.81,56.5,58631,90341,6282,17.5,34.0,45.0,12.0,11.0,97.2,87.86,91.9,78.79,89.9,17.11,42.583333333333336,33.11666666666667,65.53,48.97,41.2,39.05,13.7,0.4,80.31,1.5499999999999998,1.45,37.1,8.3,6.55,83.75,78.02,0,0
26,Ashanti,Atwima Nwabiagya North,District,6.87764335,-1.74489585317473,155025,13.5,43.1,15.74,21.41,59.81,98.51,49.07,56070,93744,5211,17.5,34.0,45.0,12.0,11.0,97.2,87.97,91.9,79.9,89.9,15.29,42.583333333333336,33.11666666666667,66.92,46.68,41.2,39.05,13.7,0.4,76.38,1.5499999999999998,1.45,37.1,8.3,6.55,83.75,77.99,0,0
27,Ashanti,Atwima Nwabiagya South Municipal,Municipal,7.0689359,-2.0226618,161893,12.5,43.0,13.83,23.44,56.9,90.76,51.6,56647,99554,5692,17.5,34.0,45.0,12.0,11.0,97.2,89.3,91.9,79.58,89.9,17.86,42.583333333333336,33.11666666666667,67.73,46.5,41.2,39.05,13.7,0.4,77.59,1.5499999999999998,1.45,37.1,8.3,6.55,83.75,79.84,0,0
28,Ashanti,Bekwai Municipal,Municipal,6.43631235,-1.59282285301503,137967,19.4,43.6,17.87,27.7,58.57,90.04,48.97,48084,82101,7782,17.5,34.0,45.0,12.0,11.0,97.2,89.05,91.9,79.06,89.9,17.79,42.583333333333336,33.11666666666667,67.1,45.13,41.2,39.05,13.7,0.4,80.51,1.5499999999999998,1.45,37.1,8.3,6.55,83.75,79.01,0,0
29,Ashanti,Bosome Freho,District,6.3681227,-1.36632312680072,62259,31.3,41.0,28.55,49.05,67.8,100.1,59.5,23793,35091,3375,17.5,34.0,45.0,12.0,11.0,97.2,89.12,91.9,79.34,89.9,17.38,42.583333333333336,33.11666666666667,66.53,46.46,41.2,39.05,13.7,0.4,79.61,1.5499999999999998,1.45,37.1,8.3,6.55,83.75,80.67,0,0
30,Ashanti,Bosomtwi,District,6.1777503,-0.1969922,165180,16.1,43.8,13.87,28.31,60.46,91.4,49.91,59630,98628,6922,17.5,34.0,45.0,12.0,11.0,97.2,89.15,91.9,79.12,89.9,17.63,42.583333333333336,33.11666666666667,67.78,44.41,41.2,39.05,13.7,0.4,79.82,1.5499999999999998,1.45,37.1,8.3,6.55,83.75,80.78,0,0
31,Ashanti,Ejisu Municipal,Municipal,6.7139918,-1.4665782,180723,13.5,43.6,14.91,21.69,56.15,91.94,49.44,62187,110743,7793,17.5,34.0,45.0,12.0,11.0,97.2,91.71,91.9,79.73,89.9,17.24,42.583333333333336,33.11666666666667,66.64,45.43,41.2,39.05,13.7,0.4,81.99,1.5499999999999998,1.45,37.1,8.3,6.55,83.75,80.58,0,0
32,Ashanti,Ejura Sekyedumase Municipal,Municipal,7.38567515,-1.39945747215309,137672,25.0,42.2,35.88,33.58,70.77,96.68,53.15,54929,77619,5124,17.5,34.0,45.0,12.0,11.0,97.2,87.89,91.9,81.71,89.9,19.85,42.583333333333336,33.11666666666667,66.46,47.14,41.2,39.05,13.7,0.4,79.9,1.5499999999999998,1.45,37.1,8.3,6.55,83.75,80.46,0,0
33,Ashanti,Juaben Municipal,Municipal,6.0721368,-0.260652306105858,63929,20.9,43.1,21.97,30.42,64.52,92.37,52.89,23742,36797,3390,17.5,34.0,45.0,12.0,11.0,97.2,87.73,91.9,75.65,89.9,16.67,42.583333333333336,33.11666666666667,67.87,48.78,41.2,39.05,13.7,0.4,80.19,1.5499999999999998,1.45,37.1,8.3,6.55,83.75,82.47,0,0
34,Ashanti,"Kumasi Metropolitan Area (KMA)-Bantama, Manhyia North, Manhyia South, Nhyiaeso, & Subin",Metropolitan,6.698152,-1.621229,443945,8.9,42.3,10.82,22.55,42.04,92.65,51.75,126044,299810,18091,17.5,34.0,45.0,12.0,11.0,97.2,87.28,91.9,79.14,89.9,16.34,42.583333333333336,33.11666666666667,66.8,51.01,41.2,39.05,13.7,0.4,83.27,1.5499999999999998,1.45,37.1,8.3,6.55,83.75,78.5,0,0
35,Ashanti,Kwabre East,Municipal,6.7897864,-1.53792852576917,296814,10.6,43.3,12.89,24.41,59.9,91.37,52.75,107533,179517,9764,17.5,34.0,45.0,12.0,11.0,97.2,89.42,91.9,79.76,89.9,15.67,42.583333333333336,33.11666666666667,67.77,45.92,41.2,39.05,13.7,0.4,78.88,1.5499999999999998,1.45,37.1,8.3,6.55,83.75,80.02,0,0
36,Ashanti,Kwadaso Municipal,Municipal,6.68059249999999,-1.67467000057054,154526,9.5,42.4,8.43,21.67,44.08,95.13,48.86,45486,103201,5839,17.5,34.0,45.0,12.0,11.0,97.2,90.19,91.9,79.94,89.9,15.25,42.583333333333336,33.11666666666667,67.81,48.95,41.2,39.05,13.7,0.4,78.0,1.5499999999999998,1.45,37.1,8.3,6.55,83.75,81.8,0,0
37,Ashanti,Mampong Municipal,Municipal,7.056139,-1.40425,116632,22.5,42.6,20.67,29.79,56.22,93.36,46.44,39935,71036,5661,17.5,34.0,45.0,12.0,11.0,97.2,88.33,91.9,78.94,89.9,14.93,42.583333333333336,33.11666666666667,65.69,47.17,41.2,39.05,13.7,0.4,79.84,1.5499999999999998,1.45,37.1,8.3,6.55,83.75,82.0,0,0
38,Ashanti,Obuasi East,Municipal,6.1796409,-1.60356394182495,92401,13.1,42.7,15.48,17.4,54.67,93.13,48.71,31606,57813,2982,17.5,34.0,45.0,12.0,11.0,97.2,87.24,91.9,76.86,89.9,15.47,42.583333333333336,33.11666666666667,66.68,46.57,41.2,39.05,13.7,0.4,79.86,1.5499999999999998,1.45,37.1,8.3,6.55,83.75,77.97,0,0
39,Ashanti,Obuasi Municipal,Municipal,6.211542,-1.6894045,104297,11.1,42.8,12.32,19.66,49.38,98.34,50.91,33379,67601,3317,17.5,34.0,45.0,12.0,11.0,97.2,87.26,91.9,79.99,89.9,16.69,42.583333333333336,33.11666666666667,69.56,47.45,41.2,39.05,13.7,0.4,78.41,1.5499999999999998,1.45,37.1,8.3,6.55,83.75,79.63,0,0
40,Ashanti,Offinso Municipal,Municipal,7.05794129999999,-1.73462655987467,137272,23.5,42.8,24.85,30.81,63.75,89.78,48.89,51264,80409,5599,17.5,34.0,45.0,12.0,11.0,97.2,89.48,91.9,82.09,89.9,17.3,42.583333333333336,33.11666666666667,65.66,46.89,41.2,39.05,13.7,0.4,77.65,1.5499999999999998,1.45,37.1,8.3,6.55,83.75,82.14,0,0
41,Ashanti,Offinso North,District,7.27974815,-1.79832745610104,83440,34.3,41.5,37.39,33.47,70.54,92.05,56.21,33087,46907,3446,17.5,34.0,45.0,12.0,11.0,97.2,89.61,91.9,77.2,89.9,16.88,42.583333333333336,33.11666666666667,64.23,46.97,41.2,39.05,13.7,0.4,82.66,1.5499999999999998,1.45,37.1,8.3,6.55,83.75,80.86,0,0
42,Ashanti,Oforikrom Municipal,Municipal,6.672717,-1.5504236985326,213126,10.0,42.8,10.1,23.01,34.76,103.67,40.19,53181,152985,6960,17.5,34.0,45.0,12.0,11.0,97.2,89.31,91.9,80.8,89.9,15.65,42.583333333333336,33.11666666666667,64.61,46.19,41.2,39.05,13.7,0.4,79.69,1.5499999999999998,1.45,37.1,8.3,6.55,83.75,80.39,0,0
43,Ashanti,Old Tafo Municipal,Municipal,6.74083555,-1.60465968075918,114368,9.2,42.9,11.73,24.65,50.11,90.81,54.69,36822,73484,4062,17.5,34.0,45.0,12.0,11.0,97.2,87.5,91.9,79.01,89.9,18.15,42.583333333333336,33.11666666666667,67.44,44.7,41.2,39.05,13.7,0.4,78.1,1.5499999999999998,1.45,37.1,8.3,6.55,83.75,79.77,0,0
44,Ashanti,Sekyere Afram Plains,District,7.20286155,-0.592081996515861,33226,50.5,40.8,51.7,63.4,79.32,121.61,57.62,14383,18134,709,17.5,34.0,45.0,12.0,11.0,97.2,88.85,91.9,79.41,89.9,17.91,42.583333333333336,33.11666666666667,67.45,44.48,41.2,39.05,13.7,0.4,80.57,1.5499999999999998,1.45,37.1,8.3,6.55,83.75,79.52,0,0
45,Ashanti,Sekyere Central,District,7.21625465,-1.09955606489201,73228,39.8,42.4,33.02,52.34,67.01,98.19,52.28,27701,41341,4186,17.5,34.0,45.0,12.0,11.0,97.2,88.68,91.9,77.92,89.9,16.56,42.583333333333336,33.11666666666667,67.22,47.78,41.2,39.05,13.7,0.4,79.04,1.5499999999999998,1.45,37.1,8.3,6.55,83.75,80.53,0,0
46,Ashanti,Sekyere East,District,6.77947295,-1.29935419961981,74789,17.3,42.5,17.21,23.59,60.19,86.23,49.26,26657,44286,3846,17.5,34.0,45.0,12.0,11.0,97.2,88.83,91.9,79.0,89.9,15.82,42.583333333333336,33.11666666666667,69.22,46.38,41.2,39.05,13.7,0.4,78.82,1.5499999999999998,1.45,37.1,8.3,6.55,83.75,79.72,0,0
47,Ashanti,Sekyere Kumawu,District,6.9098849,-1.23942940155571,64396,23.9,42.9,20.33,35.78,65.17,90.01,49.55,23811,36536,4049,17.5,34.0,45.0,12.0,11.0,97.2,89.81,91.9,81.45,89.9,17.62,42.583333333333336,33.11666666666667,63.39,45.91,41.2,39.05,13.7,0.4,80.04,1.5499999999999998,1.45,37.1,8.3,6.55,83.75,80.04,0,0
48,Ashanti,Sekyere South,District,6.99532965,-1.50292100938884,120076,22.6,42.8,17.74,26.93,59.59,89.82,47.18,42410,71175,6491,17.5,34.0,45.0,12.0,11.0,97.2,88.84,91.9,80.37,89.9,17.08,42.583333333333336,33.11666666666667,67.99,46.81,41.2,39.05,13.7,0.4,77.26,1.5499999999999998,1.45,37.1,8.3,6.55,83.75,80.22,0,0
49,Ashanti,Suame Municipal,Municipal,6.738487,-1.62476687694823,136290,8.7,42.7,10.34,23.69,50.57,89.22,56.51,44226,87459,4605,17.5,34.0,45.0,12.0,11.0,97.2,89.52,91.9,82.1,89.9,14.63,42.583333333333336,33.11666666666667,69.74,47.99,41.2,39.05,13.7,0.4,79.73,1.5499999999999998,1.45,37.1,8.3,6.55,83.75,79.08,0,0
50,Bono,Banda,District,8.1645269,-2.3569966,28179,35.7,43.7,41.63,23.59,63.37,114.44,43.59,10408,16424,1347,12.0,24.0,36.0,11.0,13.0,98.6,84.7,90.9,74.87,82.1,20.6,43.1,17.583333333333332,59.81,42.07,36.9,35.1,14.45,0.2,74.27,3.35,6.9,36.2,12.7,9.7,79.25,73.3,0,0
51,Bono,Berekum East Municipal,Municipal,7.4848835,-2.56459096524003,106252,12.6,41.7,14.74,11.53,50.65,86.14,48.65,34084,67295,4873,12.0,24.0,36.0,11.0,13.0,98.6,85.03,90.9,73.76,82.1,21.09,43.1,17.583333333333332,60.93,40.82,36.9,35.1,14.45,0.2,72.1,3.35,6.9,36.2,12.7,9.7,79.25,76.87,0,0
52,Bono,Berekum West,District,7.47199419999999,-2.71078914019081,49464,14.8,41.6,22.9,12.49,55.68,88.13,49.35,16717,30022,2725,12.0,24.0,36.0,11.0,13.0,98.6,85.55,90.9,75.72,82.1,19.35,43.1,17.583333333333332,60.37,43.64,36.9,35.1,14.45,0.2,70.84,3.35,6.9,36.2,12.7,9.7,79.25,69.83,0,0
53,Bono,Dormaa Central Municipal,Municipal,7.23948645,-2.85657511014467,112702,15.8,41.7,22.18,17.34,55.49,94.33,52.87,38087,68642,5973,12.0,24.0,36.0,11.0,13.0,98.6,82.41,90.9,73.76,82.1,20.98,43.1,17.583333333333332,60.16,44.17,36.9,35.1,14.45,0.2,70.64,3.35,6.9,36.2,12.7,9.7,79.25,72.99,0,0
54,Bono,Dormaa East,District,7.26432845,-2.64146295349265,67899,19.5,41.7,24.68,13.64,56.25,94.66,50.34,23068,41011,3820,12.0,24.0,36.0,11.0,13.0,98.6,84.12,90.9,74.34,82.1,18.52,43.1,17.583333333333332,61.01,42.54,36.9,35.1,14.45,0.2,70.78,3.35,6.9,36.2,12.7,9.7,79.25,71.36,0,0
55,Bono,Dormaa West,District,6.97538415,-2.9463116043167,47913,23.2,40.8,30.1,20.34,62.2,116.03,58.77,17766,28563,1584,12.0,24.0,36.0,11.0,13.0,98.6,83.89,90.9,72.66,82.1,22.7,43.1,17.583333333333332,63.64,43.26,36.9,35.1,14.45,0.2,71.02,3.35,6.9,36.2,12.7,9.7,79.25,73.37,0,0
56,Bono,Jaman North,District,7.9132614,-2.69723280400663,116529,14.5,42.4,26.41,7.06,59.58,98.9,48.17,41554,69745,5230,12.0,24.0,36.0,11.0,13.0,98.6,83.64,90.9,73.2,82.1,22.57,43.1,17.583333333333332,64.26,43.66,36.9,35.1,14.45,0.2,70.83,3.35,6.9,36.2,12.7,9.7,79.25,72.57,0,0
57,Bono,Jaman South,Municipal,7.62036559999999,-2.7963718064665,109768,15.6,42.1,26.35,8.82,59.48,90.8,50.56,38938,65468,5362,12.0,24.0,36.0,11.0,13.0,98.6,84.19,90.9,72.05,82.1,20.32,43.1,17.583333333333332,61.0,43.5,36.9,35.1,14.45,0.2,72.77,3.35,6.9,36.2,12.7,9.7,79.25,73.64,0,0
58,Bono,Sunyani Municipal,Municipal,7.3384389,-2.3309226,193595,10.9,41.5,14.47,11.18,48.05,98.87,48.74,60654,126224,6717,12.0,24.0,36.0,11.0,13.0,98.6,86.84,90.9,74.58,82.1,21.25,43.1,17.583333333333332,64.36,42.72,36.9,35.1,14.45,0.2,68.8,3.35,6.9,36.2,12.7,9.7,79.25,74.26,0,0
59,Bono,Sunyani West Municipal,Municipal,7.35779433737633,-2.34687996021684,136022,17.6,43.1,20.83,15.61,50.24,97.21,44.22,43589,86766,5667,12.0,24.0,36.0,11.0,13.0,98.6,83.3,90.9,71.33,82.1,17.09,43.1,17.583333333333332,61.55,42.7,36.9,35.1,14.45,0.2,72.69,3.35,6.9,36.2,12.7,9.7,79.25,72.79,0,0
60,Bono,Tain,District,7.9614185,-2.1422727,115568,21.5,41.9,36.55,19.06,61.96,101.46,53.33,42109,67967,5492,12.0,24.0,36.0,11.0,13.0,98.6,86.05,90.9,74.27,82.1,18.97,43.1,17.583333333333332,64.13,42.58,36.9,35.1,14.45,0.2,70.83,3.35,6.9,36.2,12.7,9.7,79.25,74.2,0,0
61,Bono,Wenchi Municipal,Municipal,7.80281055,-2.08141333112632,124758,23.6,42.2,33.76,20.26,64.4,93.64,49.36,46668,72466,5624,12.0,24.0,36.0,11.0,13.0,98.6,82.08,90.9,72.81,82.1,20.26,43.1,17.583333333333332,61.36,40.15,36.9,35.1,14.45,0.2,71.97,3.35,6.9,36.2,12.7,9.7,79.25,68.98,0,0
62,Bono East,Atebubu Amantin Municipal,Municipal,7.72813859999999,-1.09550967027384,144947,28.8,41.5,40.99,25.49,71.37,101.25,55.02,58535,82014,4398,18.0,36.0,48.0,12.0,12.0,97.7,79.3,91.9,68.16,84.6,23.69,40.766666666666666,22.08333333333333,56.1,37.45,15.45,45.85,21.35,0.8,62.01,1.95,14.7,27.58333333333333,39.6,24.1,60.45,67.19,1,1
63,Bono East,Kintampo North Municipal,Municipal,8.053714,-1.728919,140250,28.1,43.4,40.52,21.6,67.48,98.11,46.62,54380,80592,5278,18.0,36.0,48.0,12.0,12.0,97.7,80.04,91.9,67.53,84.6,26.37,40.766666666666666,22.08333333333333,56.45,34.37,15.45,45.85,21.35,0.8,65.69,1.95,14.7,27.58333333333333,39.6,24.1,60.45,65.36,1,1
64,Bono East,Kintampo South,District,7.94321545,-1.73400515142892,88384,26.0,42.3,40.52,18.55,68.68,103.64,53.53,34347,50013,4024,18.0,36.0,48.0,12.0,12.0,97.7,80.68,91.9,69.13,84.6,28.3,40.766666666666666,22.08333333333333,60.67,35.21,15.45,45.85,21.35,0.8,65.57,1.95,14.7,27.58333333333333,39.6,24.1,60.45,66.42,1,1
65,Bono East,Nkoranza North,District,7.7184776,-1.64389618122841,56468,25.8,41.4,34.75,17.75,64.86,103.12,53.13,21021,32412,3035,18.0,36.0,48.0,12.0,12.0,97.7,80.87,91.9,67.5,84.6,23.54,40.766666666666666,22.08333333333333,57.18,38.36,15.45,45.85,21.35,0.8,65.14,1.95,14.7,27.58333333333333,39.6,24.1,60.45,62.97,1,1
66,Bono East,Nkoranza South Municipal,Municipal,7.45296465,-1.67701851419084,114642,18.0,41.6,29.96,14.69,62.06,96.41,53.19,42058,67765,4819,18.0,36.0,48.0,12.0,12.0,97.7,80.99,91.9,64.04,84.6,24.04,40.766666666666666,22.08333333333333,54.84,37.66,15.45,45.85,21.35,0.8,61.43,1.95,14.7,27.58333333333333,39.6,24.1,60.45,63.55,1,1
67,Bono East,Pru East,District,7.9636217,-0.9549861,100840,30.3,41.2,43.86,28.24,70.85,99.84,54.74,40728,57487,2625,18.0,36.0,48.0,12.0,12.0,97.7,79.28,91.9,66.3,84.6,25.65,40.766666666666666,22.08333333333333,57.35,38.63,15.45,45.85,21.35,0.8,64.94,1.95,14.7,27.58333333333333,39.6,24.1,60.45,65.02,1,1
68,Bono East,Pru West,District,8.03487795,-1.31329234137589,69820,38.3,40.8,47.34,41.22,71.07,103.78,56.03,28001,39401,2418,18.0,36.0,48.0,12.0,12.0,97.7,79.11,91.9,64.64,84.6,27.72,40.766666666666666,22.08333333333333,55.36,35.99,15.45,45.85,21.35,0.8,64.31,1.95,14.7,27.58333333333333,39.6,24.1,60.45,64.77,1,1
69,Bono East,Sene East,District,7.6658435,-0.182426172494555,72081,49.5,41.5,49.9,43.63,78.94,116.72,56.43,30938,39192,1951,18.0,36.0,48.0,12.0,12.0,97.7,81.09,91.9,65.62,84.6,23.47,40.766666666666666,22.08333333333333,55.17,34.67,15.45,45.85,21.35,0.8,61.29,1.95,14.7,27.58333333333333,39.6,24.1,60.45,65.22,1,1
70,Bono East,Sene West,District,7.74897775,-0.618112944814146,70104,26.8,41.0,47.63,20.33,69.63,105.51,61.33,27795,39921,2388,18.0,36.0,48.0,12.0,12.0,97.7,79.51,91.9,68.67,84.6,25.67,40.766666666666666,22.08333333333333,57.26,36.04,15.45,45.85,21.35,0.8,63.66,1.95,14.7,27.58333333333333,39.6,24.1,60.45,66.43,1,1
71,Bono East,Techiman Municipal,Municipal,7.5279454,-1.97466940505838,243335,9.8,41.4,23.61,11.53,57.77,92.98,56.72,86102,149049,8184,18.0,36.0,48.0,12.0,12.0,97.7,77.89,91.9,67.36,84.6,28.03,40.766666666666666,22.08333333333333,55.95,36.55,15.45,45.85,21.35,0.8,64.25,1.95,14.7,27.58333333333333,39.6,24.1,60.45,62.15,1,1
72,Bono East,Techiman North,District,7.70365499999999,-1.98577027897075,102529,15.0,41.8,26.88,14.99,58.73,94.28,51.94,36438,62040,4051,18.0,36.0,48.0,12.0,12.0,97.7,78.1,91.9,65.35,84.6,22.82,40.766666666666666,22.08333333333333,56.32,36.52,15.45,45.85,21.35,0.8,64.53,1.95,14.7,27.58333333333333,39.6,24.1,60.45,66.26,1,1
73,Central,Abura Asebu Kwamankese,District,5.2698722,-1.18890498156872,124465,28.0,44.1,26.92,35.54,62.79,88.8,49.43,44963,71608,7894,17.0,34.0,46.0,20.0,13.0,99.1,84.92,85.3,73.88,88.9,17.28,42.45,24.78333333333333,63.72,44.8,52.25,44.55,17.95,0.75,74.07,3.05,8.3,39.16666666666666,12.65,5.550000000000001,80.65,75.61,0,0
74,Central,Agona East,District,5.63553575,-0.654757357749996,98637,25.9,43.6,22.75,53.92,57.62,89.91,50.58,34028,59053,5556,17.0,34.0,46.0,20.0,13.0,99.1,87.05,85.3,75.45,88.9,18.56,42.45,24.78333333333333,64.2,42.56,52.25,44.55,17.95,0.75,74.24,3.05,8.3,39.16666666666666,12.65,5.550000000000001,80.65,75.29,0,0
75,Central,Agona West Municipal,Municipal,4.8901537,-1.9664135,136569,21.0,43.7,19.49,36.45,55.15,88.44,51.9,45926,83274,7369,17.0,34.0,46.0,20.0,13.0,99.1,86.51,85.3,73.58,88.9,18.42,42.45,24.78333333333333,64.34,43.63,52.25,44.55,17.95,0.75,76.01,3.05,8.3,39.16666666666666,12.65,5.550000000000001,80.65,73.39,0,0
76,Central,Ajumako Enyan Essiam,District,5.41243515,-0.984801059019988,120586,29.6,43.5,24.18,40.74,63.54,85.92,49.92,43531,68505,8550,17.0,34.0,46.0,20.0,13.0,99.1,87.34,85.3,74.39,88.9,20.42,42.45,24.78333333333333,60.79,41.62,52.25,44.55,17.95,0.75,75.64,3.05,8.3,39.16666666666666,12.65,5.550000000000001,80.65,76.35,0,0
77,Central,Asikuma Odoben Brakwa,District,5.62649825,-1.02551876426311,126993,29.0,42.3,25.36,36.64,64.53,90.63,54.37,46991,72822,7180,17.0,34.0,46.0,20.0,13.0,99.1,85.66,85.3,75.87,88.9,19.56,42.45,24.78333333333333,64.7,43.78,52.25,44.55,17.95,0.75,69.5,3.05,8.3,39.16666666666666,12.65,5.550000000000001,80.65,71.98,0,0
78,Central,Assin Central Municipal,Municipal,5.73294244999999,-1.31730368183195,88753,18.1,42.8,14.64,34.53,58.76,94.5,54.5,31626,53826,3301,17.0,34.0,46.0,20.0,13.0,99.1,86.54,85.3,77.13,88.9,16.54,42.45,24.78333333333333,62.23,43.1,52.25,44.55,17.95,0.75,73.32,3.05,8.3,39.16666666666666,12.65,5.550000000000001,80.65,76.57,0,0
79,Central,Assin North,District,5.82545685,-1.37392719579152,80539,31.9,42.0,27.51,47.2,62.54,99.28,57.99,29457,47100,3982,17.0,34.0,46.0,20.0,13.0,99.1,87.24,85.3,76.31,88.9,19.97,42.45,24.78333333333333,61.54,41.98,52.25,44.55,17.95,0.75,73.55,3.05,8.3,39.16666666666666,12.65,5.550000000000001,80.65,73.36,0,0
80,Central,Assin South,District,5.52889644999999,-1.2709401638536,105995,27.4,41.7,25.67,36.3,66.85,93.28,54.44,40247,60204,5544,17.0,34.0,46.0,20.0,13.0,99.1,85.84,85.3,71.96,88.9,18.33,42.45,24.78333333333333,63.61,42.75,52.25,44.55,17.95,0.75,71.17,3.05,8.3,39.16666666666666,12.65,5.550000000000001,80.65,75.68,0,0
81,Central,Awutu Senya East Municipal,Municipal,5.40379055,-0.518157686947431,236527,10.6,42.9,10.35,41.97,53.02,93.9,54.01,79719,150353,6455,17.0,34.0,46.0,20.0,13.0,99.1,86.99,85.3,75.86,88.9,21.11,42.45,24.78333333333333,63.83,42.82,52.25,44.55,17.95,0.75,73.94,3.05,8.3,39.16666666666666,12.65,5.550000000000001,80.65,75.42,0,0
82,Central,Awutu Senya West,District,5.61965885,-0.520145612112832,161460,22.5,44.5,25.3,57.33,64.89,91.69,54.78,61109,94170,6181,17.0,34.0,46.0,20.0,13.0,99.1,85.31,85.3,75.51,88.9,18.26,42.45,24.78333333333333,62.66,42.69,52.25,44.55,17.95,0.75,75.67,3.05,8.3,39.16666666666666,12.65,5.550000000000001,80.65,77.35,0,0
83,Central,Cape Cape Metropolitan Area (CCMA)-Cape Coast South & Cape Coast North,Metropolitan,5.1115501,-1.2484127,187365,12.9,44.3,10.95,27.52,43.35,95.3,50.96,54760,126333,6272,17.0,34.0,46.0,20.0,13.0,99.1,85.76,85.3,76.02,88.9,18.25,42.45,24.78333333333333,64.95,45.76,52.25,44.55,17.95,0.75,72.17,3.05,8.3,39.16666666666666,12.65,5.550000000000001,80.65,75.33,0,0
84,Central,Effutu Municipal,Municipal,5.38339225,-0.597395635326539,108816,21.7,44.2,18.59,29.94,37.48,108.06,34.25,28454,75924,4438,17.0,34.0,46.0,20.0,13.0,99.1,85.73,85.3,77.82,88.9,20.01,42.45,24.78333333333333,61.69,42.95,52.25,44.55,17.95,0.75,74.3,3.05,8.3,39.16666666666666,12.65,5.550000000000001,80.65,74.56,0,0
85,Central,Ekumfi,District,5.28914455,-0.908864632637807,56741,31.5,45.6,32.59,59.34,68.79,83.06,48.21,21336,31017,4388,17.0,34.0,46.0,20.0,13.0,99.1,84.51,85.3,72.31,88.9,20.34,42.45,24.78333333333333,63.09,42.73,52.25,44.55,17.95,0.75,72.43,3.05,8.3,39.16666666666666,12.65,5.550000000000001,80.65,74.84,0,0
86,Central,Gomoa Central,District,5.47699369999999,-0.589745989100534,82592,18.8,44.1,21.23,45.73,62.93,83.63,54.04,30202,47990,4400,17.0,34.0,46.0,20.0,13.0,99.1,87.03,85.3,74.51,88.9,19.87,42.45,24.78333333333333,62.82,39.95,52.25,44.55,17.95,0.75,72.79,3.05,8.3,39.16666666666666,12.65,5.550000000000001,80.65,77.51,0,0
87,Central,Gomoa East,District,5.47699369999999,-0.589745989100534,308697,14.4,43.7,14.0,44.5,58.46,96.13,51.6,111167,190148,7382,17.0,34.0,46.0,20.0,13.0,99.1,85.6,85.3,76.29,88.9,16.67,42.45,24.78333333333333,63.63,41.76,52.25,44.55,17.95,0.75,76.02,3.05,8.3,39.16666666666666,12.65,5.550000000000001,80.65,76.4,0,0
88,Central,Gomoa West,District,5.38725545,-0.833638570821268,129512,28.3,44.4,30.44,50.47,65.6,79.06,50.95,47701,72710,9101,17.0,34.0,46.0,20.0,13.0,99.1,86.32,85.3,73.03,88.9,20.01,42.45,24.78333333333333,64.12,42.71,52.25,44.55,17.95,0.75,72.99,3.05,8.3,39.16666666666666,12.65,5.550000000000001,80.65,75.02,0,0
89,Central,Komenda Edina Eguafo Abirem Municipal,Municipal,5.1302015,-1.43995928979516,166017,25.1,44.2,26.06,45.3,61.85,93.08,50.06,59835,96741,9441,17.0,34.0,46.0,20.0,13.0,99.1,87.02,85.3,77.61,88.9,17.65,42.45,24.78333333333333,62.19,42.07,52.25,44.55,17.95,0.75,74.49,3.05,8.3,39.16666666666666,12.65,5.550000000000001,80.65,75.25,0,0
90,Central,Mfantsiman Municipal,Municipal,5.27644145,-1.03472089878279,168905,24.0,44.8,23.38,39.69,60.06,79.56,48.78,59941,99810,9154,17.0,34.0,46.0,20.0,13.0,99.1,86.97,85.3,75.95,88.9,19.55,42.45,24.78333333333333,64.79,45.17,52.25,44.55,17.95,0.75,70.99,3.05,8.3,39.16666666666666,12.65,5.550000000000001,80.65,73.25,0,0
91,Central,Twifo Ati Morkwa,District,5.61529845,-1.57822136908747,100851,34.1,42.7,27.22,44.01,65.55,93.96,50.71,38334,58482,4035,17.0,34.0,46.0,20.0,13.0,99.1,87.3,85.3,76.67,88.9,17.06,42.45,24.78333333333333,63.79,42.85,52.25,44.55,17.95,0.75,76.59,3.05,8.3,39.16666666666666,12.65,5.550000000000001,80.65,76.18,0,0
92,Central,Twifo Heman Lower Denkyira,District,5.49471475,-1.53636464977824,66075,32.1,42.4,25.88,55.39,62.92,96.82,54.28,24351,38703,3021,17.0,34.0,46.0,20.0,13.0,99.1,86.15,85.3,74.54,88.9,19.87,42.45,24.78333333333333,60.86,45.03,52.25,44.55,17.95,0.75,74.7,3.05,8.3,39.16666666666666,12.65,5.550000000000001,80.65,72.96,0,0
93,Central,Upper Denkyira East Municipal,Municipal,5.83523424999999,-1.73920835777296,110141,24.3,43.8,21.21,27.9,59.35,100.34,49.2,39547,66630,3964,17.0,34.0,46.0,20.0,13.0,99.1,85.67,85.3,76.62,88.9,17.99,42.45,24.78333333333333,60.76,43.19,52.25,44.55,17.95,0.75,73.53,3.05,8.3,39.16666666666666,12.65,5.550000000000001,80.65,76.73,0,0
94,Central,Upper Denkyira West,District,6.10783305,-2.06931071266353,91025,24.5,43.6,28.16,48.34,56.29,120.04,56.36,31879,56634,2512,17.0,34.0,46.0,20.0,13.0,99.1,86.18,85.3,77.0,88.9,17.28,42.45,24.78333333333333,63.68,43.16,52.25,44.55,17.95,0.75,74.66,3.05,8.3,39.16666666666666,12.65,5.550000000000001,80.65,75.79,0,0
95,Eastern,Abuakwa North Municipal,Municipal,6.2336986,-0.382588987736012,76195,15.7,42.9,14.47,20.35,51.69,90.85,48.32,24276,46967,4952,13.0,26.0,42.0,11.0,16.0,90.5,83.17,81.5,75.15,84.3,21.37,44.8,23.366666666666664,62.07,42.47,36.55,37.9,14.15,0.95,69.99,1.25,9.55,38.766666666666666,5.85,5.75,79.05,77.78,0,0
96,Eastern,Abuakwa South Municipal,Municipal,6.1727705,-0.470361048613095,89051,21.1,43.4,19.44,21.98,51.78,98.32,48.71,28375,54803,5873,13.0,26.0,42.0,11.0,16.0,90.5,83.53,81.5,75.15,84.3,20.66,44.8,23.366666666666664,62.24,42.61,36.55,37.9,14.15,0.95,73.87,1.25,9.55,38.766666666666666,5.85,5.75,79.05,72.55,0,0
97,Eastern,Achiase,District,5.8354534,-0.9966928,56348,29.9,44.6,25.7,31.76,62.2,90.15,48.13,20233,32529,3586,13.0,26.0,42.0,11.0,16.0,90.5,83.72,81.5,75.21,84.3,19.38,44.8,23.366666666666664,62.36,45.18,36.55,37.9,14.15,0.95,71.61,1.25,9.55,38.766666666666666,5.85,5.75,79.05,74.05,0,0
98,Eastern,Akwapim North Municipal,Municipal,5.9014961,-0.14597334325382,105315,20.1,43.2,14.53,21.47,47.72,86.37,41.63,31681,66393,7241,13.0,26.0,42.0,11.0,16.0,90.5,84.2,81.5,73.5,84.3,22.48,44.8,23.366666666666664,62.74,39.12,36.55,37.9,14.15,0.95,71.79,1.25,9.55,38.766666666666666,5.85,5.75,79.05,76.9,0,0
99,Eastern,Akwapim South Municipal,Municipal,8.25846,0.508747,76922,19.4,43.5,15.17,30.66,47.52,90.17,48.1,23517,49490,3915,13.0,26.0,42.0,11.0,16.0,90.5,86.3,81.5,74.58,84.3,19.64,44.8,23.366666666666664,63.82,39.6,36.55,37.9,14.15,0.95,71.36,1.25,9.55,38.766666666666666,5.85,5.75,79.05,75.99,0,0
100,Eastern,Akyemansa,District,6.0815994,-1.11546439579942,91038,23.6,42.4,27.68,26.48,63.03,96.98,56.4,33134,52568,5336,13.0,26.0,42.0,11.0,16.0,90.5,84.34,81.5,74.57,84.3,20.35,44.8,23.366666666666664,60.73,41.79,36.55,37.9,14.15,0.95,71.23,1.25,9.55,38.766666666666666,5.85,5.75,79.05,73.16,0,0
101,Eastern,Asene Manso Akroso,District,5.85516295,-0.8089562448565,77498,25.7,42.5,24.11,30.19,61.68,91.8,52.69,27771,45027,4700,13.0,26.0,42.0,11.0,16.0,90.5,85.13,81.5,75.38,84.3,20.7,44.8,23.366666666666664,60.64,42.62,36.55,37.9,14.15,0.95,73.14,1.25,9.55,38.766666666666666,5.85,5.75,79.05,74.54,0,0
102,Eastern,Asuogyaman,District,6.36279085,0.0952598707485648,101256,21.8,43.1,18.67,21.4,53.45,90.73,48.32,33178,62074,6004,13.0,26.0,42.0,11.0,16.0,90.5,87.65,81.5,76.3,84.3,19.37,44.8,23.366666666666664,60.76,43.64,36.55,37.9,14.15,0.95,72.48,1.25,9.55,38.766666666666666,5.85,5.75,79.05,74.2,0,0
103,Eastern,Atiwa East,District,6.3954833,-0.597296233359515,64647,18.4,42.4,20.07,17.86,61.28,100.88,54.14,23155,37784,3708,13.0,26.0,42.0,11.0,16.0,90.5,85.17,81.5,73.21,84.3,21.01,44.8,23.366666666666664,62.83,43.31,36.55,37.9,14.15,0.95,73.08,1.25,9.55,38.766666666666666,5.85,5.75,79.05,74.62,0,0
104,Eastern,Atiwa West,District,6.20778059999999,-0.635808682575408,61219,18.9,42.5,20.46,29.79,61.08,106.79,57.24,21768,35639,3812,13.0,26.0,42.0,11.0,16.0,90.5,86.81,81.5,74.61,84.3,19.5,44.8,23.366666666666664,64.27,42.02,36.55,37.9,14.15,0.95,72.09,1.25,9.55,38.766666666666666,5.85,5.75,79.05,73.15,0,0
105,Eastern,Ayensuano,District,5.94469995,-0.449937193103216,94594,29.1,42.9,27.38,46.51,63.48,97.58,57.3,34320,54066,6208,13.0,26.0,42.0,11.0,16.0,90.5,84.3,81.5,77.02,84.3,19.68,44.8,23.366666666666664,61.75,44.13,36.55,37.9,14.15,0.95,72.87,1.25,9.55,38.766666666666666,5.85,5.75,79.05,74.07,0,0
106,Eastern,Birim Central Municipal,Municipal,5.97391735,-1.00480959493596,76302,11.9,41.9,13.04,12.18,49.89,87.25,48.6,24294,48697,3311,13.0,26.0,42.0,11.0,16.0,90.5,85.39,81.5,73.68,84.3,22.34,44.8,23.366666666666664,58.65,44.15,36.55,37.9,14.15,0.95,71.47,1.25,9.55,38.766666666666666,5.85,5.75,79.05,71.8,0,0
107,Eastern,Birim North,District,6.3681437,-1.02271793293055,82669,18.3,42.6,21.3,17.16,60.07,98.21,54.28,29443,49014,4212,13.0,26.0,42.0,11.0,16.0,90.5,84.27,81.5,73.57,84.3,18.74,44.8,23.366666666666664,59.84,42.88,36.55,37.9,14.15,0.95,75.44,1.25,9.55,38.766666666666666,5.85,5.75,79.05,74.4,0,0
108,Eastern,Birim South,District,5.9375343,-1.0087951,35654,24.9,43.6,20.44,29.4,57.15,91.36,49.36,12132,21228,2294,13.0,26.0,42.0,11.0,16.0,90.5,85.19,81.5,75.1,84.3,16.68,44.8,23.366666666666664,61.15,44.04,36.55,37.9,14.15,0.95,69.75,1.25,9.55,38.766666666666666,5.85,5.75,79.05,74.88,0,0
109,Eastern,Denkyembuor,District,6.05,-0.8,77029,18.1,42.3,19.87,12.96,52.95,93.0,46.58,25305,47788,3936,13.0,26.0,42.0,11.0,16.0,90.5,86.96,81.5,76.07,84.3,22.72,44.8,23.366666666666664,61.56,43.01,36.55,37.9,14.15,0.95,73.99,1.25,9.55,38.766666666666666,5.85,5.75,79.05,73.86,0,0
110,Eastern,Fanteakwa North,District,6.49761694999999,-0.362546050326661,56987,28.9,41.9,28.56,30.99,59.68,101.24,57.76,20059,33609,3319,13.0,26.0,42.0,11.0,16.0,90.5,83.11,81.5,74.82,84.3,24.12,44.8,23.366666666666664,61.79,41.76,36.55,37.9,14.15,0.95,74.15,1.25,9.55,38.766666666666666,5.85,5.75,79.05,71.78,0,0
111,Eastern,Fanteakwa South,District,6.37117379999999,-0.311872167608319,54634,21.7,41.7,17.87,24.61,54.49,103.59,55.1,18157,33323,3154,13.0,26.0,42.0,11.0,16.0,90.5,86.35,81.5,76.79,84.3,19.69,44.8,23.366666666666664,62.46,43.65,36.55,37.9,14.15,0.95,70.82,1.25,9.55,38.766666666666666,5.85,5.75,79.05,75.68,0,0
112,Eastern,Kwaebibirem Municipal,Municipal,6.23359759999999,-0.87590978580917,121698,19.6,42.9,20.38,20.02,58.37,94.76,53.2,42260,72401,7037,13.0,26.0,42.0,11.0,16.0,90.5,86.06,81.5,76.09,84.3,17.39,44.8,23.366666666666664,61.93,42.77,36.55,37.9,14.15,0.95,75.44,1.25,9.55,38.766666666666666,5.85,5.75,79.05,74.75,0,0
113,Eastern,Kwahu Afram Plains North,District,6.8753584,0.0047456123339843,66555,48.5,41.9,42.23,48.1,65.65,115.82,60.74,25385,38670,2500,13.0,26.0,42.0,11.0,16.0,90.5,84.81,81.5,76.06,84.3,19.83,44.8,23.366666666666664,63.97,42.6,36.55,37.9,14.15,0.95,73.59,1.25,9.55,38.766666666666666,5.85,5.75,79.05,73.11,0,0
114,Eastern,Kwahu Afram Plains South,District,6.8854777,-0.460380290065423,74002,39.1,41.6,40.55,44.69,67.64,115.39,62.1,28848,42647,2507,13.0,26.0,42.0,11.0,16.0,90.5,83.53,81.5,75.63,84.3,19.87,44.8,23.366666666666664,61.39,44.81,36.55,37.9,14.15,0.95,73.56,1.25,9.55,38.766666666666666,5.85,5.75,79.05,73.78,0,0
115,Eastern,Kwahu East,District,6.73342465,-0.81009459846416,80233,29.4,42.0,23.88,31.3,56.9,104.38,51.32,26957,47374,5902,13.0,26.0,42.0,11.0,16.0,90.5,85.81,81.5,78.29,84.3,20.02,44.8,23.366666666666664,61.11,38.92,36.55,37.9,14.15,0.95,72.14,1.25,9.55,38.766666666666666,5.85,5.75,79.05,71.95,0,0
116,Eastern,Kwahu South Municipal,Municipal,8.25846,0.508747,79851,28.8,43.4,23.7,28.58,60.3,89.6,49.49,27952,46352,5547,13.0,26.0,42.0,11.0,16.0,90.5,84.91,81.5,74.49,84.3,18.63,44.8,23.366666666666664,63.12,40.47,36.55,37.9,14.15,0.95,71.77,1.25,9.55,38.766666666666666,5.85,5.75,79.05,72.66,0,0
117,Eastern,Kwahu West Municipal,Municipal,6.49118254999999,-0.728456087972531,145429,15.1,41.9,16.51,16.52,61.17,90.61,54.7,52176,85302,7951,13.0,26.0,42.0,11.0,16.0,90.5,86.05,81.5,71.79,84.3,21.17,44.8,23.366666666666664,60.1,40.82,36.55,37.9,14.15,0.95,71.79,1.25,9.55,38.766666666666666,5.85,5.75,79.05,73.39,0,0
118,Eastern,Lower Manya Krobo Municipal,Municipal,6.2127831,-0.0404975690174626,121849,19.8,43.4,19.84,20.49,47.38,83.68,42.84,36940,77965,6944,13.0,26.0,42.0,11.0,16.0,90.5,85.73,81.5,77.21,84.3,21.09,44.8,23.366666666666664,62.98,42.06,36.55,37.9,14.15,0.95,72.69,1.25,9.55,38.766666666666666,5.85,5.75,79.05,76.04,0,0
119,Eastern,New Juaben North Municipal,Municipal,6.1364245,-0.312846157003848,88716,10.6,41.7,9.87,11.26,42.71,100.91,45.62,25215,59043,4458,13.0,26.0,42.0,11.0,16.0,90.5,88.1,81.5,74.11,84.3,18.06,44.8,23.366666666666664,62.55,42.22,36.55,37.9,14.15,0.95,74.2,1.25,9.55,38.766666666666666,5.85,5.75,79.05,73.24,0,0
120,Eastern,New Juaben South Municipal,Municipal,6.0721368,-0.260652306105858,129741,8.5,41.1,9.11,12.52,40.88,93.85,51.54,35529,86909,7303,13.0,26.0,42.0,11.0,16.0,90.5,85.34,81.5,74.96,84.3,21.35,44.8,23.366666666666664,62.18,40.34,36.55,37.9,14.15,0.95,72.37,1.25,9.55,38.766666666666666,5.85,5.75,79.05,75.16,0,0
121,Eastern,Nsawam Adoagyiri Municipal,Municipal,5.81791215,-0.36426765,155597,13.0,43.4,15.54,29.26,52.98,96.46,53.35,51578,97355,6664,13.0,26.0,42.0,11.0,16.0,90.5,84.16,81.5,76.76,84.3,23.38,44.8,23.366666666666664,64.78,41.12,36.55,37.9,14.15,0.95,70.73,1.25,9.55,38.766666666666666,5.85,5.75,79.05,73.39,0,0
122,Eastern,Okere,District,6.04034605,-0.127770489495342,51675,24.0,42.4,21.53,35.07,55.61,89.0,52.22,17068,30691,3916,13.0,26.0,42.0,11.0,16.0,90.5,85.97,81.5,72.4,84.3,20.56,44.8,23.366666666666664,61.47,41.31,36.55,37.9,14.15,0.95,73.34,1.25,9.55,38.766666666666666,5.85,5.75,79.05,74.57,0,0
123,Eastern,Suhum Municipal,Municipal,6.035885,-0.4552751,126403,17.6,42.0,18.91,28.55,55.63,90.61,58.58,42610,76601,7192,13.0,26.0,42.0,11.0,16.0,90.5,86.03,81.5,72.92,84.3,19.79,44.8,23.366666666666664,65.49,46.29,36.55,37.9,14.15,0.95,73.48,1.25,9.55,38.766666666666666,5.85,5.75,79.05,73.99,0,0
124,Eastern,Upper Manya Krobo,District,6.40201115,-0.134429386146108,70612,32.7,40.5,35.31,38.15,61.84,98.11,63.99,25423,41112,4077,13.0,26.0,42.0,11.0,16.0,90.5,87.74,81.5,72.4,84.3,20.09,44.8,23.366666666666664,62.06,45.3,36.55,37.9,14.15,0.95,73.08,1.25,9.55,38.766666666666666,5.85,5.75,79.05,75.51,0,0
125,Eastern,Upper West Akim,District,5.80678025,-0.540057196199224,95855,29.7,43.7,28.33,49.22,63.86,93.87,55.39,35169,55070,5616,13.0,26.0,42.0,11.0,16.0,90.5,86.95,81.5,73.61,84.3,21.22,44.8,23.366666666666664,60.48,41.98,36.55,37.9,14.15,0.95,73.22,1.25,9.55,38.766666666666666,5.85,5.75,79.05,73.4,0,0
126,Eastern,West Akim Municipal,Municipal,5.9070609,-0.68318054757923,117681,23.7,43.0,23.19,28.11,57.77,91.43,52.35,40650,70363,6668,13.0,26.0,42.0,11.0,16.0,90.5,86.24,81.5,75.46,84.3,17.7,44.8,23.366666666666664,62.5,42.05,36.55,37.9,14.15,0.95,71.69,1.25,9.55,38.766666666666666,5.85,5.75,79.05,71.84,0,0
127,Eastern,Yilo Krobo Municipal,Municipal,6.1564095,-0.167401779755807,122398,21.5,42.1,21.14,29.42,54.94,92.19,55.34,40930,74501,6967,13.0,26.0,42.0,11.0,16.0,90.5,87.89,81.5,75.59,84.3,20.55,44.8,23.366666666666664,60.79,40.88,36.55,37.9,14.15,0.95,70.71,1.25,9.55,38.766666666666666,5.85,5.75,79.05,72.13,0,0
128,Greater Accra,Ablekuma Central Municipal,Municipal,5.5541808,-0.24078224491606,169145,9.4,45.2,11.92,36.53,41.67,95.27,59.22,47590,114214,7341,8.0,16.0,20.0,6.0,4.0,98.8,89.22,94.7,82.41,88.8,11.91,29.916666666666668,15.65,72.07,49.54,46.7,37.5,13.1,1.5,87.3,2.4000000000000004,1.5,39.333333333333336,4.95,3.1,87.8,87.5,0,0
129,Greater Accra,Ablekuma North Municipal,Municipal,5.58719365,-0.263259064824942,159208,8.3,42.9,7.15,36.66,41.21,91.9,60.44,44681,108422,6105,8.0,16.0,20.0,6.0,4.0,98.8,90.04,94.7,79.88,88.8,15.27,29.916666666666668,15.65,73.8,52.22,46.7,37.5,13.1,1.5,86.15,2.4000000000000004,1.5,39.333333333333336,4.95,3.1,87.8,86.43,0,0
130,Greater Accra,Ablekuma West Municipal,Municipal,5.5431939,-0.26615017413473,153490,8.9,43.0,8.15,39.41,45.18,91.46,57.22,45854,101503,6133,8.0,16.0,20.0,6.0,4.0,98.8,89.61,94.7,78.53,88.8,12.24,29.916666666666668,15.65,74.03,50.9,46.7,37.5,13.1,1.5,88.96,2.4000000000000004,1.5,39.333333333333336,4.95,3.1,87.8,88.92,0,0
131,Greater Accra,"Accra Metropolitan Area (AMA)-Ablekuma South, Ashiedu Keteke & Okaikoi South",Metropolitan,5.55381875,-0.205849787615075,276997,11.1,43.9,16.66,38.04,35.46,88.07,58.85,71203,200821,4973,8.0,16.0,20.0,6.0,4.0,98.8,90.42,94.7,82.08,88.8,15.0,29.916666666666668,15.65,72.27,52.27,46.7,37.5,13.1,1.5,88.47,2.4000000000000004,1.5,39.333333333333336,4.95,3.1,87.8,87.6,0,0
132,Greater Accra,Ada East,District,5.8761016,0.549568161630084,76411,28.2,44.2,29.29,42.91,62.79,92.56,48.74,27871,44390,4150,8.0,16.0,20.0,6.0,4.0,98.8,88.93,94.7,81.29,88.8,10.84,29.916666666666668,15.65,74.68,50.0,46.7,37.5,13.1,1.5,87.94,2.4000000000000004,1.5,39.333333333333336,4.95,3.1,87.8,91.86,0,0
133,Greater Accra,Ada West,District,5.9040093,0.420370257026968,76087,40.1,44.7,33.13,59.26,74.22,92.85,50.1,31005,41776,3306,8.0,16.0,20.0,6.0,4.0,98.8,91.95,94.7,82.69,88.8,13.38,29.916666666666668,15.65,74.94,51.26,46.7,37.5,13.1,1.5,84.17,2.4000000000000004,1.5,39.333333333333336,4.95,3.1,87.8,85.69,0,0
134,Greater Accra,Adentan Municipal,Municipal,5.7042433,-0.1690967,265971,8.3,41.8,7.13,37.46,41.58,99.06,56.93,75516,181597,8858,8.0,16.0,20.0,6.0,4.0,98.8,90.67,94.7,83.05,88.8,12.98,29.916666666666668,15.65,75.35,52.62,46.7,37.5,13.1,1.5,86.73,2.4000000000000004,1.5,39.333333333333336,4.95,3.1,87.8,88.61,0,0
135,Greater Accra,Ashaiman Municipal,Municipal,5.6993574,-0.0348533202566188,208060,7.5,43.3,11.32,35.07,45.06,98.41,62.14,62611,138935,6514,8.0,16.0,20.0,6.0,4.0,98.8,88.79,94.7,82.21,88.8,11.2,29.916666666666668,15.65,73.99,52.95,46.7,37.5,13.1,1.5,90.28,2.4000000000000004,1.5,39.333333333333336,4.95,3.1,87.8,86.61,0,0
136,Greater Accra,Ayawaso Central Municipal,Municipal,5.59137939999999,-0.212668442666915,94831,12.2,42.8,9.12,43.81,37.83,97.04,55.95,24848,65692,4291,8.0,16.0,20.0,6.0,4.0,98.8,89.48,94.7,83.14,88.8,12.77,29.916666666666668,15.65,75.25,53.03,46.7,37.5,13.1,1.5,87.6,2.4000000000000004,1.5,39.333333333333336,4.95,3.1,87.8,87.56,0,0
137,Greater Accra,Ayawaso East Municipal,Municipal,5.5828425,-0.194266228463183,53004,15.4,44.0,19.03,38.87,41.36,91.44,48.28,14666,35456,2882,8.0,16.0,20.0,6.0,4.0,98.8,91.47,94.7,82.34,88.8,14.32,29.916666666666668,15.65,70.38,50.42,46.7,37.5,13.1,1.5,89.14,2.4000000000000004,1.5,39.333333333333336,4.95,3.1,87.8,88.51,0,0
138,Greater Accra,Ayawaso North Municipal,Municipal,5.5908829,-0.199044848506062,63386,13.9,43.8,14.26,33.99,40.2,88.54,49.8,17311,43057,3018,8.0,16.0,20.0,6.0,4.0,98.8,92.26,94.7,82.8,88.8,12.01,29.916666666666668,15.65,72.72,53.68,46.7,37.5,13.1,1.5,86.51,2.4000000000000004,1.5,39.333333333333336,4.95,3.1,87.8,84.81,0,0
139,Greater Accra,Ayawaso West Municipal,Municipal,5.62669775,-0.179111178909241,75303,9.3,41.6,5.41,35.1,24.61,107.64,45.39,14294,58084,2925,8.0,16.0,20.0,6.0,4.0,98.8,94.0,94.7,80.94,88.8,9.96,29.916666666666668,15.65,71.9,51.2,46.7,37.5,13.1,1.5,90.76,2.4000000000000004,1.5,39.333333333333336,4.95,3.1,87.8,88.66,0,0
140,Greater Accra,Ga Central Municipal,Municipal,5.3203951,-2.0334832,332232,8.3,42.6,7.0,43.68,45.77,93.27,58.67,100844,220323,11065,8.0,16.0,20.0,6.0,4.0,98.8,95.37,94.7,81.73,88.8,12.47,29.916666666666668,15.65,73.38,53.35,46.7,37.5,13.1,1.5,88.38,2.4000000000000004,1.5,39.333333333333336,4.95,3.1,87.8,91.15,0,0
141,Greater Accra,Ga East Municipal,Municipal,5.669162,-0.333376,283379,10.1,41.8,6.67,37.32,41.38,98.3,54.46,80141,193662,9576,8.0,16.0,20.0,6.0,4.0,98.8,91.62,94.7,82.3,88.8,11.15,29.916666666666668,15.65,72.34,52.38,46.7,37.5,13.1,1.5,89.04,2.4000000000000004,1.5,39.333333333333336,4.95,3.1,87.8,87.62,0,0
142,Greater Accra,Ga North Municipal,Municipal,5.669162,-0.333376,235292,10.5,42.3,8.04,36.7,45.75,98.09,53.17,71630,156554,7108,8.0,16.0,20.0,6.0,4.0,98.8,89.52,94.7,83.23,88.8,11.99,29.916666666666668,15.65,72.95,50.34,46.7,37.5,13.1,1.5,92.09,2.4000000000000004,1.5,39.333333333333336,4.95,3.1,87.8,88.69,0,0
143,Greater Accra,Ga South Municipal,Municipal,5.669162,-0.333376,350121,15.8,44.1,14.28,51.14,55.65,95.8,54.78,121756,218780,9585,8.0,16.0,20.0,6.0,4.0,98.8,87.8,94.7,81.41,88.8,12.38,29.916666666666668,15.65,76.02,51.93,46.7,37.5,13.1,1.5,90.87,2.4000000000000004,1.5,39.333333333333336,4.95,3.1,87.8,89.84,0,0
144,Greater Accra,Ga West Municipal,Municipal,5.669162,-0.333376,314299,10.5,43.3,11.33,39.3,56.36,97.75,54.39,110607,196256,7436,8.0,16.0,20.0,6.0,4.0,98.8,91.4,94.7,82.78,88.8,9.94,29.916666666666668,15.65,72.95,52.95,46.7,37.5,13.1,1.5,88.14,2.4000000000000004,1.5,39.333333333333336,4.95,3.1,87.8,88.05,0,0
145,Greater Accra,Korle Klottey Municipal,Municipal,5.55901944999999,-0.19823054970895,68633,10.6,43.4,9.2,34.32,30.32,93.7,55.77,15063,49685,3885,8.0,16.0,20.0,6.0,4.0,98.8,89.78,94.7,81.6,88.8,10.08,29.916666666666668,15.65,73.82,53.32,46.7,37.5,13.1,1.5,87.71,2.4000000000000004,1.5,39.333333333333336,4.95,3.1,87.8,87.43,0,0
146,Greater Accra,Kpone Katamanso Municipal,Municipal,5.77159775,-0.0733651054089466,412828,10.5,43.1,9.26,37.86,52.93,99.93,55.66,139922,264348,8558,8.0,16.0,20.0,6.0,4.0,98.8,90.38,94.7,81.82,88.8,13.22,29.916666666666668,15.65,72.85,52.19,46.7,37.5,13.1,1.5,88.11,2.4000000000000004,1.5,39.333333333333336,4.95,3.1,87.8,84.89,0,0
147,Greater Accra,Krowor Municipal,Municipal,5.60941925,-0.0769277820845922,143012,12.4,42.4,7.14,43.14,38.33,99.12,52.22,38208,99681,5123,8.0,16.0,20.0,6.0,4.0,98.8,90.08,94.7,83.24,88.8,11.72,29.916666666666668,15.65,73.31,54.7,46.7,37.5,13.1,1.5,89.36,2.4000000000000004,1.5,39.333333333333336,4.95,3.1,87.8,89.26,0,0
148,Greater Accra,La Dade-Kotopon Municipal,Municipal,5.58947605,-0.156988356399583,140264,8.9,43.1,5.47,37.07,39.59,94.52,57.82,38130,96308,5826,8.0,16.0,20.0,6.0,4.0,98.8,90.79,94.7,79.01,88.8,8.65,29.916666666666668,15.65,73.21,53.91,46.7,37.5,13.1,1.5,88.44,2.4000000000000004,1.5,39.333333333333336,4.95,3.1,87.8,88.13,0,0
149,Greater Accra,La Nkwantanang Madina Municipal,Municipal,5.74468145,-0.172508699400876,220757,11.3,42.7,7.71,35.27,41.39,98.08,52.96,62472,150918,7367,8.0,16.0,20.0,6.0,4.0,98.8,92.6,94.7,80.06,88.8,13.68,29.916666666666668,15.65,73.87,52.02,46.7,37.5,13.1,1.5,88.01,2.4000000000000004,1.5,39.333333333333336,4.95,3.1,87.8,86.78,0,0
150,Greater Accra,Ledzokuku Municipal,Municipal,5.6050983,-0.114493361214251,217304,11.3,43.3,8.55,37.76,40.42,95.61,53.67,60138,148782,8384,8.0,16.0,20.0,6.0,4.0,98.8,91.24,94.7,79.78,88.8,12.91,29.916666666666668,15.65,74.95,53.53,46.7,37.5,13.1,1.5,90.8,2.4000000000000004,1.5,39.333333333333336,4.95,3.1,87.8,88.49,0,0
151,Greater Accra,Ningo-Prampram,Municipal,5.81176965,0.146110955005239,204673,19.4,44.0,17.4,45.17,55.55,100.84,53.52,70823,127484,6366,8.0,16.0,20.0,6.0,4.0,98.8,90.76,94.7,78.5,88.8,11.43,29.916666666666668,15.65,75.67,55.3,46.7,37.5,13.1,1.5,88.43,2.4000000000000004,1.5,39.333333333333336,4.95,3.1,87.8,87.42,0,0
152,Greater Accra,Okaikoi North Municipal,Municipal,5.6104365,-0.2395459,160446,11.1,42.4,7.96,33.88,38.38,95.9,53.76,42773,111438,6235,8.0,16.0,20.0,6.0,4.0,98.8,89.45,94.7,80.98,88.8,10.52,29.916666666666668,15.65,73.66,55.34,46.7,37.5,13.1,1.5,92.05,2.4000000000000004,1.5,39.333333333333336,4.95,3.1,87.8,87.51,0,0
153,Greater Accra,Shai-Osudoku,District,5.95875335,0.161872328401567,105610,23.5,44.2,21.55,28.74,56.81,103.59,48.7,36703,64603,4304,8.0,16.0,20.0,6.0,4.0,98.8,88.49,94.7,83.12,88.8,13.75,29.916666666666668,15.65,74.08,50.56,46.7,37.5,13.1,1.5,88.74,2.4000000000000004,1.5,39.333333333333336,4.95,3.1,87.8,89.21,0,0
154,Greater Accra,Tema Metropolitan Area (TMA)-Tema Central & Tema East,Metropolitan,5.6698,-0.01657,174494,11.6,43.8,11.35,45.19,41.13,98.29,55.54,49561,120497,4436,8.0,16.0,20.0,6.0,4.0,98.8,90.27,94.7,81.57,88.8,13.02,29.916666666666668,15.65,71.47,51.01,46.7,37.5,13.1,1.5,91.28,2.4000000000000004,1.5,39.333333333333336,4.95,3.1,87.8,86.29,0,0
155,Greater Accra,Tema West Municipal,Municipal,5.65076355,-0.0688760444019398,196224,8.2,42.0,5.49,39.21,40.45,97.45,57.46,54226,134053,7945,8.0,16.0,20.0,6.0,4.0,98.8,90.92,94.7,82.3,88.8,16.07,29.916666666666668,15.65,73.07,54.63,46.7,37.5,13.1,1.5,89.14,2.4000000000000004,1.5,39.333333333333336,4.95,3.1,87.8,89.87,0,0
156,Greater Accra,Weija Gbawe Municipal,Municipal,5.55414475,-0.296466750643799,213674,8.7,42.9,7.82,39.69,48.05,95.1,58.07,67145,139746,6783,8.0,16.0,20.0,6.0,4.0,98.8,93.65,94.7,83.63,88.8,13.13,29.916666666666668,15.65,74.61,50.81,46.7,37.5,13.1,1.5,90.04,2.4000000000000004,1.5,39.333333333333336,4.95,3.1,87.8,86.2,0,0
157,North East,Bunkpurugu Nakpanduri,District,10.632198,-0.180118,82384,38.3,45.5,38.56,10.71,66.22,98.52,32.9,31045,46879,4460,10.5,20.0,41.0,10.0,21.0,96.3,70.3,87.2,56.59,84.7,35.38,34.166666666666664,23.9,45.0,24.32,40.2,54.95,27.55,1.55,49.31,0.75,17.15,14.45,63.900000000000006,44.45,41.900000000000006,42.91,0,0
158,North East,Chereponi,District,10.1792653999999,0.207987165887793,87176,53.8,44.2,56.31,37.28,97.72,91.26,40.09,41972,42952,2252,10.5,20.0,41.0,10.0,21.0,96.3,71.57,87.2,54.5,84.7,34.55,34.166666666666664,23.9,44.02,25.57,40.2,54.95,27.55,1.55,49.12,0.75,17.15,14.45,63.900000000000006,44.45,41.900000000000006,46.78,0,0
159,North East,East Mamprusi Municipal,Municipal,10.45279035,-0.416678651029704,188006,54.7,47.4,52.28,16.82,90.32,87.01,26.67,85994,95207,6805,10.5,20.0,41.0,10.0,21.0,96.3,69.35,87.2,56.63,84.7,36.03,34.166666666666664,23.9,45.03,26.93,40.2,54.95,27.55,1.55,51.09,0.75,17.15,14.45,63.900000000000006,44.45,41.900000000000006,45.59,0,0
160,North East,Mamprugu Moagduri,District,10.23964,-1.27428,68746,44.5,42.4,58.87,62.55,91.29,93.53,58.31,31749,34778,2219,10.5,20.0,41.0,10.0,21.0,96.3,68.32,87.2,54.74,84.7,35.74,34.166666666666664,23.9,44.44,26.15,40.2,54.95,27.55,1.55,51.88,0.75,17.15,14.45,63.900000000000006,44.45,41.900000000000006,44.05,0,0
161,North East,West Mamprusi Municipal,Municipal,10.29738455,-0.764055036110824,175755,41.5,45.8,46.8,15.36,84.88,90.17,32.06,78069,91981,5705,10.5,20.0,41.0,10.0,21.0,96.3,68.65,87.2,53.34,84.7,36.68,34.166666666666664,23.9,45.5,25.32,40.2,54.95,27.55,1.55,50.46,0.75,17.15,14.45,63.900000000000006,44.45,41.900000000000006,42.49,0,0
162,North East,Yunyoo Nasuan,District,10.4415225,-0.0276844142154081,56879,56.9,47.0,58.02,33.07,102.75,92.14,35.59,27619,26881,2379,10.5,20.0,41.0,10.0,21.0,96.3,69.01,87.2,53.71,84.7,34.02,34.166666666666664,23.9,44.13,25.29,40.2,54.95,27.55,1.55,48.47,0.75,17.15,14.45,63.900000000000006,44.45,41.900000000000006,43.11,0,0
163,Northern,Gushegu Municipal,Municipal,9.9185016,-0.2164706,153965,51.5,44.3,59.79,48.12,103.83,86.7,46.52,76400,73580,3985,12.5,25.0,52.0,10.0,27.0,86.1,75.79,72.6,55.58,72.8,31.75,46.23333333333333,29.05,45.77,27.53,22.15,58.900000000000006,28.6,1.4,51.76,4.65,25.55,13.1,68.94999999999999,43.8,44.8,47.31,1,0
164,Northern,Karaga,District,9.9267799,-0.4316607,114225,50.5,46.5,60.84,43.87,96.86,85.2,42.96,54514,56284,3427,12.5,25.0,52.0,10.0,27.0,86.1,71.37,72.6,56.47,72.8,31.68,46.23333333333333,29.05,46.8,27.28,22.15,58.900000000000006,28.6,1.4,51.66,4.65,25.55,13.1,68.94999999999999,43.8,44.8,47.26,1,0
165,Northern,Kpandai,District,8.4635789,-0.0119853,126213,48.6,42.1,51.02,53.63,83.61,97.9,58.56,55749,66674,3790,12.5,25.0,52.0,10.0,27.0,86.1,73.86,72.6,57.26,72.8,33.59,46.23333333333333,29.05,41.9,32.02,22.15,58.900000000000006,28.6,1.4,51.15,4.65,25.55,13.1,68.94999999999999,43.8,44.8,47.06,1,0
166,Northern,Kumbungu,District,9.5591282,-0.9467086,110586,45.0,46.4,50.71,35.69,90.33,93.75,33.27,50334,55723,4529,12.5,25.0,52.0,10.0,27.0,86.1,71.25,72.6,59.01,72.8,34.65,46.23333333333333,29.05,46.87,29.05,22.15,58.900000000000006,28.6,1.4,53.96,4.65,25.55,13.1,68.94999999999999,43.8,44.8,47.15,1,0
167,Northern,Mion,District,9.45284905,-0.335525511842833,94930,53.4,44.5,60.72,42.38,95.65,93.67,47.81,44991,47035,2904,12.5,25.0,52.0,10.0,27.0,86.1,74.0,72.6,60.38,72.8,31.71,46.23333333333333,29.05,40.83,29.93,22.15,58.900000000000006,28.6,1.4,55.49,4.65,25.55,13.1,68.94999999999999,43.8,44.8,46.88,1,0
168,Northern,Nanton,District,9.55848269999999,-0.710728600167338,50767,39.9,45.3,55.04,38.79,92.41,90.56,44.71,23551,25485,1731,12.5,25.0,52.0,10.0,27.0,86.1,73.18,72.6,55.73,72.8,31.76,46.23333333333333,29.05,43.71,27.87,22.15,58.900000000000006,28.6,1.4,53.78,4.65,25.55,13.1,68.94999999999999,43.8,44.8,45.04,1,0
169,Northern,Nanumba North Municipal,Municipal,8.92200959999999,-0.138644700894755,188680,41.5,41.4,53.02,43.86,91.42,91.8,53.95,87611,95835,5234,12.5,25.0,52.0,10.0,27.0,86.1,72.37,72.6,58.39,72.8,32.87,46.23333333333333,29.05,46.98,28.32,22.15,58.900000000000006,28.6,1.4,50.41,4.65,25.55,13.1,68.94999999999999,43.8,44.8,46.43,1,0
170,Northern,Nanumba South,District,8.76637935,0.0549741822848612,106374,46.3,42.3,54.98,43.47,100.09,91.25,55.16,51677,51631,3066,12.5,25.0,52.0,10.0,27.0,86.1,72.54,72.6,56.24,72.8,32.03,46.23333333333333,29.05,47.02,27.53,22.15,58.900000000000006,28.6,1.4,53.51,4.65,25.55,13.1,68.94999999999999,43.8,44.8,48.57,1,0
171,Northern,Saboba,District,9.70870525,0.196098328672698,95683,46.0,45.3,45.9,21.53,83.05,94.89,43.9,42203,50815,2665,12.5,25.0,52.0,10.0,27.0,86.1,71.62,72.6,58.51,72.8,33.83,46.23333333333333,29.05,44.56,24.62,22.15,58.900000000000006,28.6,1.4,53.56,4.65,25.55,13.1,68.94999999999999,43.8,44.8,45.15,1,0
172,Northern,Sagnarigu Municipal,Municipal,9.48585935,-0.855049753344912,341711,18.7,43.9,27.51,18.26,66.73,98.76,41.13,132742,198919,10050,12.5,25.0,52.0,10.0,27.0,86.1,73.27,72.6,57.6,72.8,29.02,46.23333333333333,29.05,45.23,26.53,22.15,58.900000000000006,28.6,1.4,56.94,4.65,25.55,13.1,68.94999999999999,43.8,44.8,46.92,1,0
173,Northern,Savelugu Municipal,Municipal,9.6260647,-0.8258943,122888,41.1,45.5,49.39,35.83,83.68,91.58,32.75,53963,64484,4441,12.5,25.0,52.0,10.0,27.0,86.1,71.92,72.6,55.05,72.8,31.16,46.23333333333333,29.05,48.36,25.88,22.15,58.900000000000006,28.6,1.4,51.61,4.65,25.55,13.1,68.94999999999999,43.8,44.8,45.97,1,0
174,Northern,Tamale Metropolitan Area (TMA)-Tamale Central & Tamale South,Metropolitan,9.40078,-0.8393,367324,21.0,44.0,33.61,26.65,66.34,95.91,47.24,144414,217676,5234,12.5,25.0,52.0,10.0,27.0,86.1,70.76,72.6,59.19,72.8,31.23,46.23333333333333,29.05,45.57,25.23,22.15,58.900000000000006,28.6,1.4,53.21,4.65,25.55,13.1,68.94999999999999,43.8,44.8,47.37,1,0
175,Northern,Tatale Sanguli,District,9.34906725,0.514632473680653,74805,52.4,43.5,54.72,48.75,93.79,92.71,51.85,34923,37235,2647,12.5,25.0,52.0,10.0,27.0,86.1,70.68,72.6,56.89,72.8,28.92,46.23333333333333,29.05,49.66,26.81,22.15,58.900000000000006,28.6,1.4,56.36,4.65,25.55,13.1,68.94999999999999,43.8,44.8,46.62,1,0
176,Northern,Tolon,District,9.555956,-1.19792230212529,118090,57.5,46.8,56.02,52.02,86.96,92.7,33.0,52825,60748,4517,12.5,25.0,52.0,10.0,27.0,86.1,72.86,72.6,57.0,72.8,30.95,46.23333333333333,29.05,46.3,30.59,22.15,58.900000000000006,28.6,1.4,54.47,4.65,25.55,13.1,68.94999999999999,43.8,44.8,49.42,1,0
177,Northern,Yendi Municipal,Municipal,9.4739214,0.022769270127783,154421,38.3,45.3,46.25,23.76,80.89,94.14,39.85,66406,82090,5925,12.5,25.0,52.0,10.0,27.0,86.1,74.97,72.6,56.2,72.8,31.03,46.23333333333333,29.05,46.91,28.53,22.15,58.900000000000006,28.6,1.4,54.64,4.65,25.55,13.1,68.94999999999999,43.8,44.8,47.96,1,0
178,Northern,Zabzugu,District,9.294058,0.367064,82846,42.7,43.3,55.77,39.02,95.77,89.72,45.02,39380,41119,2347,12.5,25.0,52.0,10.0,27.0,86.1,72.84,72.6,56.82,72.8,32.1,46.23333333333333,29.05,48.73,30.54,22.15,58.900000000000006,28.6,1.4,53.97,4.65,25.55,13.1,68.94999999999999,43.8,44.8,45.23,1,0
179,Oti,Biakoye,District,7.39217985,0.262973639210098,71827,34.2,42.2,31.34,39.0,66.48,99.69,58.68,26978,40580,4269,22.0,44.0,72.0,12.0,29.0,94.9,68.22,87.4,52.94,84.2,37.27,44.76666666666667,18.2,42.0,25.32,33.95,56.2,24.7,0.25,48.69,0.45,33.55,24.46666666666667,47.6,23.45,54.95,42.31,1,1
180,Oti,Guan,District,7.19092,0.60951,28238,28.1,42.9,17.68,27.39,54.44,110.42,52.89,8918,16381,2939,22.0,44.0,72.0,12.0,29.0,94.9,68.83,87.4,52.02,84.2,35.23,44.76666666666667,18.2,40.3,25.87,33.95,56.2,24.7,0.25,49.37,0.45,33.55,24.46666666666667,47.6,23.45,54.95,40.14,1,1
181,Oti,Jasikan Municipal,Municipal,7.40707195,0.466071316332564,59695,30.2,42.2,24.31,36.8,56.33,106.07,55.88,20201,35859,3635,22.0,44.0,72.0,12.0,29.0,94.9,70.36,87.4,52.79,84.2,34.05,44.76666666666667,18.2,41.64,23.35,33.95,56.2,24.7,0.25,46.99,0.45,33.55,24.46666666666667,47.6,23.45,54.95,40.43,1,1
182,Oti,Kadjebi,District,7.7210325,0.534053201682814,73959,27.2,41.5,28.64,28.9,64.27,105.99,58.14,27415,42659,3885,22.0,44.0,72.0,12.0,29.0,94.9,68.73,87.4,52.84,84.2,35.51,44.76666666666667,18.2,41.75,25.49,33.95,56.2,24.7,0.25,49.52,0.45,33.55,24.46666666666667,47.6,23.45,54.95,41.77,1,1
183,Oti,Krachi East Municipal,Municipal,7.69817,0.22447,110435,41.2,41.6,43.52,45.87,74.62,102.55,59.02,45671,61208,3556,22.0,44.0,72.0,12.0,29.0,94.9,67.78,87.4,54.28,84.2,37.17,44.76666666666667,18.2,39.75,25.79,33.95,56.2,24.7,0.25,46.14,0.45,33.55,24.46666666666667,47.6,23.45,54.95,40.56,1,1
184,Oti,Krachi Nchumuru,District,8.1892008,-0.0866133771431008,79934,47.2,40.8,47.79,60.02,79.39,100.35,62.69,33990,42815,3129,22.0,44.0,72.0,12.0,29.0,94.9,70.06,87.4,51.79,84.2,34.14,44.76666666666667,18.2,41.42,23.84,33.95,56.2,24.7,0.25,48.69,0.45,33.55,24.46666666666667,47.6,23.45,54.95,42.64,1,1
185,Oti,Krachi West Municipal,Municipal,7.8,-0.01667,61128,37.4,41.7,41.15,25.3,64.41,104.72,53.86,23002,35712,2414,22.0,44.0,72.0,12.0,29.0,94.9,69.04,87.4,50.08,84.2,34.23,44.76666666666667,18.2,40.69,25.54,33.95,56.2,24.7,0.25,48.47,0.45,33.55,24.46666666666667,47.6,23.45,54.95,40.14,1,1
186,Oti,Nkwanta North (Kpassa),District,8.4892994,0.3094664,126096,55.2,41.7,54.93,73.17,86.82,96.82,57.63,57034,65690,3372,22.0,44.0,72.0,12.0,29.0,94.9,70.7,87.4,53.9,84.2,36.44,44.76666666666667,18.2,43.19,25.55,33.95,56.2,24.7,0.25,47.28,0.45,33.55,24.46666666666667,47.6,23.45,54.95,40.37,1,1
187,Oti,Nkwanta South Municipal,Municipal,8.25811615,0.509975335946734,135936,42.8,41.8,44.77,52.28,76.01,98.09,59.35,56562,74412,4962,22.0,44.0,72.0,12.0,29.0,94.9,68.67,87.4,51.8,84.2,35.27,44.76666666666667,18.2,41.85,23.88,33.95,56.2,24.7,0.25,48.17,0.45,33.55,24.46666666666667,47.6,23.45,54.95,40.32,1,1
188,Savannah,Bole,District,8.69166865,-2.17855621492469,115800,37.2,44.8,48.8,19.56,64.18,111.64,38.61,43854,68329,3617,23.0,46.0,63.0,14.0,18.0,94.9,63.46,86.4,50.37,74.3,39.17,41.2,22.916666666666668,38.48,20.12,28.0,53.0,25.25,1.1,42.67,0.35,37.15,13.116666666666667,72.35,42.5,39.3,35.95,1,1
189,Savannah,Central Gonja,District,8.93715119999999,-1.10983922943129,142762,61.8,46.6,56.92,46.18,90.18,97.57,31.49,65943,73125,3694,23.0,46.0,63.0,14.0,18.0,94.9,63.25,86.4,49.28,74.3,38.18,41.2,22.916666666666668,38.74,20.02,28.0,53.0,25.25,1.1,41.99,0.35,37.15,13.116666666666667,72.35,42.5,39.3,38.45,1,1
190,Savannah,East Gonja Municipal,Municipal,8.347473,-0.7895018232454,117755,38.8,43.1,51.28,29.47,73.64,104.66,45.55,48464,65814,3477,23.0,46.0,63.0,14.0,18.0,94.9,67.78,86.4,48.5,74.3,39.25,41.2,22.916666666666668,39.23,21.93,28.0,53.0,25.25,1.1,43.07,0.35,37.15,13.116666666666667,72.35,42.5,39.3,37.74,1,1
191,Savannah,North East Gonja,District,8.98787705,-0.403868101269744,39404,60.4,45.6,59.93,58.9,94.25,98.08,41.65,18605,19741,1058,23.0,46.0,63.0,14.0,18.0,94.9,67.89,86.4,49.22,74.3,36.65,41.2,22.916666666666668,39.83,22.29,28.0,53.0,25.25,1.1,41.94,0.35,37.15,13.116666666666667,72.35,42.5,39.3,39.36,1,1
192,Savannah,North Gonja,District,8.98787705,-0.403868101269744,61443,58.4,47.2,60.04,59.7,88.6,99.34,36.36,28025,31631,1787,23.0,46.0,63.0,14.0,18.0,94.9,65.03,86.4,51.63,74.3,38.18,41.2,22.916666666666668,37.4,20.61,28.0,53.0,25.25,1.1,44.08,0.35,37.15,13.116666666666667,72.35,42.5,39.3,40.2,1,1
193,Savannah,Sawla Tuna Kalba,District,9.4809443,-2.41330933679435,112664,54.2,46.9,58.73,42.85,78.14,81.49,34.53,46888,60003,5773,23.0,46.0,63.0,14.0,18.0,94.9,64.73,86.4,51.82,74.3,37.88,41.2,22.916666666666668,37.34,21.84,28.0,53.0,25.25,1.1,41.87,0.35,37.15,13.116666666666667,72.35,42.5,39.3,35.25,1,1
194,Savannah,West Gonja,Municipal,9.5267018,-1.5071681,63449,39.7,44.9,40.19,8.88,66.07,103.29,26.42,24440,36990,2019,23.0,46.0,63.0,14.0,18.0,94.9,67.49,86.4,48.8,74.3,36.38,41.2,22.916666666666668,40.56,22.66,28.0,53.0,25.25,1.1,44.67,0.35,37.15,13.116666666666667,72.35,42.5,39.3,36.91,1,1
195,Upper East,Bawku Municipal,Municipal,11.0607602,-0.2422876,119458,23.6,44.8,41.62,7.24,68.06,92.47,42.02,45638,67056,6764,18.0,36.0,49.0,9.0,13.0,93.6,76.74,92.2,64.44,77.7,25.25,48.2,15.783333333333331,52.18,34.63,42.05,58.15,31.75,1.2,58.53,6.05,0.3,12.15,69.8,19.3,62.35,57.64,1,1
196,Upper East,Bawku West,District,10.84277,-0.492947618512454,144189,47.6,47.2,51.87,12.63,75.82,93.4,35.36,58594,77278,8317,18.0,36.0,49.0,9.0,13.0,93.6,77.06,92.2,65.81,77.7,28.63,48.2,15.783333333333331,50.67,36.03,42.05,58.15,31.75,1.2,59.45,6.05,0.3,12.15,69.8,19.3,62.35,58.23,1,1
197,Upper East,Binduri,District,10.9694889,-0.3062234,76679,53.8,47.8,52.68,14.26,74.56,90.15,29.66,30350,40704,5625,18.0,36.0,49.0,9.0,13.0,93.6,79.36,92.2,62.93,77.7,27.07,48.2,15.783333333333331,53.47,35.62,42.05,58.15,31.75,1.2,59.36,6.05,0.3,12.15,69.8,19.3,62.35,58.45,1,1
198,Upper East,Bolgatanga East,District,10.7853963,-0.8487322,38824,24.9,44.0,32.21,7.41,58.17,95.12,38.56,13433,23093,2298,18.0,36.0,49.0,9.0,13.0,93.6,77.81,92.2,64.7,77.7,26.07,48.2,15.783333333333331,53.5,32.2,42.05,58.15,31.75,1.2,62.29,6.05,0.3,12.15,69.8,19.3,62.35,57.81,1,1
199,Upper East,Bolgatanga Municipal,Municipal,10.7853963,-0.8487322,142509,20.2,44.8,28.31,8.78,56.18,88.49,44.06,49036,87289,6184,18.0,36.0,49.0,9.0,13.0,93.6,78.39,92.2,64.16,77.7,27.46,48.2,15.783333333333331,50.5,36.23,42.05,58.15,31.75,1.2,60.8,6.05,0.3,12.15,69.8,19.3,62.35,57.82,1,1
200,Upper East,Bongo,District,10.9166838999999,-0.805767855895511,116431,54.0,48.5,44.64,17.02,66.77,85.46,22.76,43545,65217,7669,18.0,36.0,49.0,9.0,13.0,93.6,78.15,92.2,64.67,77.7,29.29,48.2,15.783333333333331,53.14,32.9,42.05,58.15,31.75,1.2,59.98,6.05,0.3,12.15,69.8,19.3,62.35,59.18,1,1
201,Upper East,Builsa North Municipal,Municipal,10.73472,-1.29056,56571,39.7,46.8,39.93,11.47,59.61,103.43,34.71,19575,32840,4156,18.0,36.0,49.0,9.0,13.0,93.6,78.91,92.2,62.95,77.7,24.18,48.2,15.783333333333331,53.9,35.27,42.05,58.15,31.75,1.2,61.05,6.05,0.3,12.15,69.8,19.3,62.35,57.57,1,1
202,Upper East,Builsa South,District,10.53032385,-1.26246582508358,36575,55.1,47.7,51.08,21.89,65.73,102.27,30.3,13644,20759,2172,18.0,36.0,49.0,9.0,13.0,93.6,80.51,92.2,61.82,77.7,25.36,48.2,15.783333333333331,53.36,33.8,42.05,58.15,31.75,1.2,57.14,6.05,0.3,12.15,69.8,19.3,62.35,60.66,1,1
203,Upper East,Garu,District,10.76975475,-0.21182067584702,71774,44.7,47.7,51.4,19.94,79.26,88.18,36.36,29172,36804,5798,18.0,36.0,49.0,9.0,13.0,93.6,78.54,92.2,61.09,77.7,26.22,48.2,15.783333333333331,53.75,33.08,42.05,58.15,31.75,1.2,60.24,6.05,0.3,12.15,69.8,19.3,62.35,58.02,1,1
204,Upper East,Kasena Nankana Municipal,Municipal,10.895598,-1.30768,99895,33.8,47.1,32.68,12.46,53.68,96.27,34.4,32794,61092,6009,18.0,36.0,49.0,9.0,13.0,93.6,79.37,92.2,62.52,77.7,29.79,48.2,15.783333333333331,50.69,30.99,42.05,58.15,31.75,1.2,63.3,6.05,0.3,12.15,69.8,19.3,62.35,63.61,1,1
205,Upper East,Kasena Nankana West,District,10.895598,-1.30768,90735,53.6,47.4,41.15,13.6,64.46,92.3,25.93,32840,50947,6948,18.0,36.0,49.0,9.0,13.0,93.6,75.32,92.2,63.51,77.7,28.02,48.2,15.783333333333331,53.3,33.44,42.05,58.15,31.75,1.2,60.5,6.05,0.3,12.15,69.8,19.3,62.35,58.72,1,1
206,Upper East,Nabdam,District,10.8469045,-0.661562047243897,53039,68.6,51.2,46.53,19.84,58.36,96.6,15.5,18506,31708,2825,18.0,36.0,49.0,9.0,13.0,93.6,78.33,92.2,63.76,77.7,28.75,48.2,15.783333333333331,52.35,31.36,42.05,58.15,31.75,1.2,60.4,6.05,0.3,12.15,69.8,19.3,62.35,59.51,1,1
207,Upper East,Pusiga,District,11.0854045,-0.1276855,80533,40.8,45.4,54.83,8.45,82.25,87.58,34.06,34109,41470,4954,18.0,36.0,49.0,9.0,13.0,93.6,77.14,92.2,67.11,77.7,25.89,48.2,15.783333333333331,52.08,35.15,42.05,58.15,31.75,1.2,61.12,6.05,0.3,12.15,69.8,19.3,62.35,57.46,1,1
208,Upper East,Talensi,District,10.6451057499999,-0.62587443176215,87021,56.2,48.9,40.69,18.85,65.16,104.5,27.77,32330,49617,5074,18.0,36.0,49.0,9.0,13.0,93.6,76.57,92.2,65.86,77.7,25.92,48.2,15.783333333333331,54.11,35.98,42.05,58.15,31.75,1.2,61.64,6.05,0.3,12.15,69.8,19.3,62.35,61.96,1,1
209,Upper East,Tempane,District,10.9030714,-0.0914351270233069,86993,50.7,48.1,54.79,18.29,80.32,84.86,31.26,35730,44486,6777,18.0,36.0,49.0,9.0,13.0,93.6,77.08,92.2,62.76,77.7,28.27,48.2,15.783333333333331,55.02,32.5,42.05,58.15,31.75,1.2,57.3,6.05,0.3,12.15,69.8,19.3,62.35,61.08,1,1
210,Upper West,Daffiama Bussie Issa,District,10.36748405,-2.26222672458466,38754,38.7,44.4,55.65,26.29,70.44,94.0,42.37,14989,21278,2487,13.0,25.0,42.0,10.0,17.0,95.7,75.7,84.6,62.32,85.3,29.49,47.63333333333333,16.333333333333332,52.79,32.35,38.4,53.75,25.75,0.85,55.28,2.5,1.25,16.666666666666668,56.8,30.1,51.85,57.15,0,0
211,Upper West,Jirapa Municipal,Municipal,10.5366328,-2.7008646,91279,50.1,47.4,49.11,12.44,64.95,85.53,26.4,33666,51830,5783,13.0,25.0,42.0,10.0,17.0,95.7,77.57,84.6,61.19,85.3,30.22,47.63333333333333,16.333333333333332,52.07,30.81,38.4,53.75,25.75,0.85,58.12,2.5,1.25,16.666666666666668,56.8,30.1,51.85,54.68,0,0
212,Upper West,Lambussie Karni,District,10.846747,-2.708741,51118,44.2,46.0,50.17,11.42,73.97,93.31,35.12,20485,27694,2939,13.0,25.0,42.0,10.0,17.0,95.7,74.21,84.6,61.37,85.3,29.12,47.63333333333333,16.333333333333332,49.94,30.96,38.4,53.75,25.75,0.85,56.73,2.5,1.25,16.666666666666668,56.8,30.1,51.85,57.02,0,0
213,Upper West,Lawra Municipal,Municipal,10.61348995,-2.86412434170417,58433,39.5,45.8,46.11,6.05,62.28,92.76,33.84,20849,33474,4110,13.0,25.0,42.0,10.0,17.0,95.7,76.25,84.6,62.08,85.3,29.82,47.63333333333333,16.333333333333332,50.63,33.06,38.4,53.75,25.75,0.85,59.77,2.5,1.25,16.666666666666668,56.8,30.1,51.85,55.02,0,0
214,Upper West,Nadowli Kaleo,District,10.2868347,-2.6394776056347,77057,40.6,47.2,44.26,12.82,65.35,91.23,33.97,28271,43263,5523,13.0,25.0,42.0,10.0,17.0,95.7,75.47,84.6,62.73,85.3,29.64,47.63333333333333,16.333333333333332,51.25,31.84,38.4,53.75,25.75,0.85,57.33,2.5,1.25,16.666666666666668,56.8,30.1,51.85,58.89,0,0
215,Upper West,Nandom,Municipal,10.8520701,-2.760077,51328,31.8,44.8,43.85,5.23,59.99,102.83,35.85,17865,29780,3683,13.0,25.0,42.0,10.0,17.0,95.7,75.71,84.6,61.29,85.3,30.57,47.63333333333333,16.333333333333332,50.28,34.51,38.4,53.75,25.75,0.85,54.9,2.5,1.25,16.666666666666668,56.8,30.1,51.85,57.91,0,0
216,Upper West,Sissala East Municipal,Municipal,10.59705475,-1.85050542952138,80619,28.8,44.3,45.86,16.53,67.79,96.81,48.0,31248,46096,3275,13.0,25.0,42.0,10.0,17.0,95.7,77.7,84.6,63.4,85.3,30.61,47.63333333333333,16.333333333333332,50.3,31.18,38.4,53.75,25.75,0.85,55.9,2.5,1.25,16.666666666666668,56.8,30.1,51.85,56.84,0,0
217,Upper West,Sissala West,District,10.7467085,-2.29346951572635,63828,32.3,46.1,49.84,12.48,76.74,95.96,40.3,26398,34398,3032,13.0,25.0,42.0,10.0,17.0,95.7,77.01,84.6,60.09,85.3,26.97,47.63333333333333,16.333333333333332,51.34,33.4,38.4,53.75,25.75,0.85,53.68,2.5,1.25,16.666666666666668,56.8,30.1,51.85,53.05,0,0
218,Upper West,Wa East,District,10.06069,-2.50192,91457,48.7,45.3,58.2,31.36,75.17,102.98,44.66,37571,49981,3905,13.0,25.0,42.0,10.0,17.0,95.7,78.21,84.6,61.81,85.3,26.03,47.63333333333333,16.333333333333332,50.01,32.05,38.4,53.75,25.75,0.85,57.45,2.5,1.25,16.666666666666668,56.8,30.1,51.85,55.22,0,0
219,Upper West,Wa Municipal,Municipal,10.0623261,-2.5054273,200672,16.5,43.4,27.15,10.89,57.29,95.73,42.85,70453,122978,7241,13.0,25.0,42.0,10.0,17.0,95.7,75.97,84.6,65.7,85.3,30.9,47.63333333333333,16.333333333333332,49.01,33.09,38.4,53.75,25.75,0.85,57.52,2.5,1.25,16.666666666666668,56.8,30.1,51.85,57.73,0,0
220,Upper West,Wa West,District,9.8985772,-2.6832633,96957,61.9,48.7,56.7,30.87,78.47,83.26,32.64,39954,50917,6086,13.0,25.0,42.0,10.0,17.0,95.7,75.16,84.6,62.13,85.3,31.18,47.63333333333333,16.333333333333332,49.48,31.23,38.4,53.75,25.75,0.85,57.16,2.5,1.25,16.666666666666668,56.8,30.1,51.85,58.52,0,0
221,Volta,Adaklu,District,6.4470511,0.6286474,38649,33.2,43.6,28.62,27.03,62.67,94.1,49.72,13858,22114,2677,19.0,38.0,47.0,9.0,10.0,99.1,82.76,90.7,73.75,86.4,20.27,49.51666666666667,23.183333333333337,61.25,40.13,38.45,47.15,18.85,1.4,71.32,4.3,9.9,32.76666666666667,20.8,5.1,80.5,72.46,0,1
222,Volta,Afadzato South,District,7.0222497,0.561946,73146,32.5,43.7,19.28,28.94,61.1,97.43,46.24,25610,41912,5624,19.0,38.0,47.0,9.0,10.0,99.1,83.46,90.7,71.74,86.4,19.01,49.51666666666667,23.183333333333337,60.3,40.03,38.45,47.15,18.85,1.4,71.5,4.3,9.9,32.76666666666667,20.8,5.1,80.5,68.41,0,1
223,Volta,Agortime-Ziope,District,6.42618935,0.732357165932429,39553,25.7,43.4,30.27,25.67,57.76,90.2,58.27,13422,23239,2892,19.0,38.0,47.0,9.0,10.0,99.1,83.36,90.7,72.47,86.4,21.95,49.51666666666667,23.183333333333337,60.81,38.95,38.45,47.15,18.85,1.4,69.44,4.3,9.9,32.76666666666667,20.8,5.1,80.5,71.25,0,1
224,Volta,Akatsi North,District,6.3108306,0.876439062223793,32755,39.3,44.4,35.49,51.12,61.87,84.93,50.09,11458,18519,2778,19.0,38.0,47.0,9.0,10.0,99.1,81.47,90.7,71.51,86.4,23.2,49.51666666666667,23.183333333333337,61.31,41.19,38.45,47.15,18.85,1.4,66.5,4.3,9.9,32.76666666666667,20.8,5.1,80.5,72.32,0,1
225,Volta,Akatsi South Municipal,District,8.25846,0.508747,92133,30.1,44.5,29.13,31.45,58.61,84.32,47.19,31520,53782,6831,19.0,38.0,47.0,9.0,10.0,99.1,83.24,90.7,71.34,86.4,24.5,49.51666666666667,23.183333333333337,59.74,41.18,38.45,47.15,18.85,1.4,70.63,4.3,9.9,32.76666666666667,20.8,5.1,80.5,68.31,0,1
226,Volta,Anloga,District,5.7936484,0.8984702,94895,31.6,45.9,30.83,43.92,56.43,88.12,43.06,31352,55559,7984,19.0,38.0,47.0,9.0,10.0,99.1,83.44,90.7,70.43,86.4,22.57,49.51666666666667,23.183333333333337,61.43,41.09,38.45,47.15,18.85,1.4,70.53,4.3,9.9,32.76666666666667,20.8,5.1,80.5,70.79,0,1
227,Volta,Central Tongu,District,6.16884364999999,0.611561745917151,83284,36.0,44.4,35.01,31.61,65.06,85.76,46.48,30509,46892,5883,19.0,38.0,47.0,9.0,10.0,99.1,86.88,90.7,72.25,86.4,21.24,49.51666666666667,23.183333333333337,60.87,42.51,38.45,47.15,18.85,1.4,70.16,4.3,9.9,32.76666666666667,20.8,5.1,80.5,71.21,0,1
228,Volta,Ho Municipal,Municipal,6.6126598,0.4688932,180142,12.5,42.1,10.56,13.46,42.1,86.71,47.5,50285,119429,10428,19.0,38.0,47.0,9.0,10.0,99.1,85.92,90.7,70.32,86.4,20.46,49.51666666666667,23.183333333333337,58.45,42.37,38.45,47.15,18.85,1.4,71.17,4.3,9.9,32.76666666666667,20.8,5.1,80.5,70.35,0,1
229,Volta,Ho West,District,6.590707,0.46714,83172,27.9,42.7,18.88,30.91,54.27,90.46,50.27,26689,49177,7306,19.0,38.0,47.0,9.0,10.0,99.1,81.82,90.7,72.6,86.4,21.82,49.51666666666667,23.183333333333337,62.46,39.64,38.45,47.15,18.85,1.4,67.95,4.3,9.9,32.76666666666667,20.8,5.1,80.5,68.02,0,1
230,Volta,Hohoe Municipal,Municipal,7.153187,0.477735,114472,18.8,42.8,16.05,19.34,54.66,90.32,48.83,38187,69857,6428,19.0,38.0,47.0,9.0,10.0,99.1,82.67,90.7,73.23,86.4,21.35,49.51666666666667,23.183333333333337,59.55,40.76,38.45,47.15,18.85,1.4,72.71,4.3,9.9,32.76666666666667,20.8,5.1,80.5,70.31,0,1
231,Volta,Keta Municipal,Municipal,5.9215688,0.9910728,78862,25.2,45.0,25.13,27.29,49.96,86.27,42.3,23991,48021,6850,19.0,38.0,47.0,9.0,10.0,99.1,80.9,90.7,72.15,86.4,20.28,49.51666666666667,23.183333333333337,57.82,39.26,38.45,47.15,18.85,1.4,68.26,4.3,9.9,32.76666666666667,20.8,5.1,80.5,70.31,0,1
232,Volta,Ketu North Municipal,Municipal,6.192057,0.981151401381816,114993,27.2,44.3,31.57,38.02,59.77,85.59,50.66,39737,66479,8777,19.0,38.0,47.0,9.0,10.0,99.1,82.21,90.7,71.17,86.4,24.87,49.51666666666667,23.183333333333337,58.73,40.24,38.45,47.15,18.85,1.4,70.82,4.3,9.9,32.76666666666667,20.8,5.1,80.5,70.58,0,1
233,Volta,Ketu South Municipal,Municipal,6.07748514999999,1.0706219725046,253122,25.6,45.4,30.06,47.86,64.09,89.04,46.98,93817,146389,12916,19.0,38.0,47.0,9.0,10.0,99.1,83.57,90.7,72.28,86.4,24.48,49.51666666666667,23.183333333333337,58.77,39.3,38.45,47.15,18.85,1.4,67.17,4.3,9.9,32.76666666666667,20.8,5.1,80.5,69.95,0,1
234,Volta,Kpando Municipal,Municipal,7.0000115,0.318327973849328,58552,23.4,43.4,18.77,19.74,49.96,102.25,46.17,18352,36737,3463,19.0,38.0,47.0,9.0,10.0,99.1,84.91,90.7,71.14,86.4,23.5,49.51666666666667,23.183333333333337,60.38,42.63,38.45,47.15,18.85,1.4,68.3,4.3,9.9,32.76666666666667,20.8,5.1,80.5,70.14,0,1
235,Volta,North Dayi,District,6.91384645,0.22267318926127,39268,30.1,43.6,19.33,22.86,52.43,94.8,46.19,12150,23173,3945,19.0,38.0,47.0,9.0,10.0,99.1,82.01,90.7,73.0,86.4,20.42,49.51666666666667,23.183333333333337,59.89,40.75,38.45,47.15,18.85,1.4,71.97,4.3,9.9,32.76666666666667,20.8,5.1,80.5,70.74,0,1
236,Volta,North Tongu,District,6.14399495,0.297188924896433,111410,38.4,45.4,30.74,40.91,67.08,87.29,47.97,42106,62766,6538,19.0,38.0,47.0,9.0,10.0,99.1,82.12,90.7,68.85,86.4,23.08,49.51666666666667,23.183333333333337,59.79,39.87,38.45,47.15,18.85,1.4,69.31,4.3,9.9,32.76666666666667,20.8,5.1,80.5,71.46,0,1
237,Volta,South Dayi,District,6.5449087,0.240546020283373,57518,29.0,44.3,21.28,20.93,55.64,100.83,43.13,19258,34609,3651,19.0,38.0,47.0,9.0,10.0,99.1,79.88,90.7,71.1,86.4,22.76,49.51666666666667,23.183333333333337,61.23,41.99,38.45,47.15,18.85,1.4,70.96,4.3,9.9,32.76666666666667,20.8,5.1,80.5,70.34,0,1
238,Volta,South Tongu,District,5.96577275,0.641061228110148,113114,32.4,45.2,28.7,34.34,61.69,83.21,46.58,40287,65303,7524,19.0,38.0,47.0,9.0,10.0,99.1,82.86,90.7,68.61,86.4,22.46,49.51666666666667,23.183333333333337,60.81,36.94,38.45,47.15,18.85,1.4,70.06,4.3,9.9,32.76666666666667,20.8,5.1,80.5,70.19,0,1
239,Western,Ahanta West Municipal,Municipal,4.8514282,-1.98665461803006,153140,27.2,44.7,24.99,46.3,60.15,95.92,50.99,55443,92175,5522,18.0,36.0,48.0,11.0,12.0,93.2,85.61,77.3,74.56,73.6,20.27,,,65.57,41.18,39.15,46.0,18.85,1.05,75.24,2.35,4.8,32.56666666666666,9.65,7.35,80.2,78.04,1,1
240,Western,Effia Kwesimintsim Municipal,Municipal,4.96766095,-1.80360599719917,173975,9.3,42.5,8.98,23.32,46.05,98.08,52.36,52543,114094,7338,18.0,36.0,48.0,11.0,12.0,93.2,86.41,77.3,78.85,73.6,19.35,,,65.71,45.39,39.15,46.0,18.85,1.05,77.45,2.35,4.8,32.56666666666666,9.65,7.35,80.2,75.02,1,1
241,Western,Ellembelle,District,5.14952214999999,-2.42142536190491,120893,33.3,42.8,26.28,30.29,58.01,100.68,45.55,42807,73787,4299,18.0,36.0,48.0,11.0,12.0,93.2,85.88,77.3,78.14,73.6,19.51,,,66.02,44.29,39.15,46.0,18.85,1.05,75.05,2.35,4.8,32.56666666666666,9.65,7.35,80.2,78.62,1,1
242,Western,Jomoro Municipal,Municipal,5.199616,-2.61473434715296,126576,31.2,43.7,28.7,31.75,60.01,96.01,49.35,45705,76161,4710,18.0,36.0,48.0,11.0,12.0,93.2,87.06,77.3,75.72,73.6,19.36,,,61.94,44.58,39.15,46.0,18.85,1.05,72.73,2.35,4.8,32.56666666666666,9.65,7.35,80.2,77.9,1,1
243,Western,Mpohor,District,4.9705877,-1.8927971,52028,31.4,44.3,26.28,48.47,55.2,109.06,52.05,17842,32323,1863,18.0,36.0,48.0,11.0,12.0,93.2,84.56,77.3,74.55,73.6,18.91,,,64.55,42.21,39.15,46.0,18.85,1.05,74.2,2.35,4.8,32.56666666666666,9.65,7.35,80.2,77.96,1,1
244,Western,Nzema East Municipal,Municipal,5.08576495,-2.22263416898707,94621,38.2,43.0,34.41,49.09,59.15,109.74,54.43,34189,57796,2636,18.0,36.0,48.0,11.0,12.0,93.2,85.0,77.3,72.35,73.6,15.72,,,61.83,44.17,39.15,46.0,18.85,1.05,76.23,2.35,4.8,32.56666666666666,9.65,7.35,80.2,79.34,1,1
245,Western,Prestea/Huni Valley Municipal,Municipal,5.44481979999999,-2.04050432321944,229301,29.5,43.8,25.74,48.87,58.77,107.74,50.2,82651,140632,6018,18.0,36.0,48.0,11.0,12.0,93.2,90.39,77.3,75.98,73.6,18.53,,,65.15,47.21,39.15,46.0,18.85,1.05,75.99,2.35,4.8,32.56666666666666,9.65,7.35,80.2,74.97,1,1
246,Western,"Sekondi Takoradi Metropolitan Area (STMA)- Takoradi, Sekondi & Essikado-Ketan",Metropolitan,4.95328,-1.73308,245382,10.1,42.6,9.65,20.06,45.94,94.32,49.63,73755,160556,11071,18.0,36.0,48.0,11.0,12.0,93.2,85.27,77.3,80.43,73.6,17.57,,,65.09,45.44,39.15,46.0,18.85,1.05,73.05,2.35,4.8,32.56666666666666,9.65,7.35,80.2,74.94,1,1
247,Western,Shama,District,5.0606463,-1.64288365568687,117224,22.0,44.4,20.93,30.4,61.9,93.37,51.4,42941,69371,4912,18.0,36.0,48.0,11.0,12.0,93.2,85.55,77.3,77.45,73.6,16.48,,,66.67,44.45,39.15,46.0,18.85,1.05,74.31,2.35,4.8,32.56666666666666,9.65,7.35,80.2,78.31,1,1
248,Western,Tarkwa-Nsuaem Municipal,Municipal,5.310935,-1.992426,219109,18.2,43.5,17.82,28.38,50.78,111.24,50.3,71959,141700,5450,18.0,36.0,48.0,11.0,12.0,93.2,89.96,77.3,75.96,73.6,20.92,,,66.88,43.54,39.15,46.0,18.85,1.05,74.53,2.35,4.8,32.56666666666666,9.65,7.35,80.2,77.89,1,1
249,Western,Wassa Amenfi Central,District,5.7890318,-2.0839856,117999,37.6,43.0,34.11,47.02,62.6,118.57,53.47,44080,70412,3507,18.0,36.0,48.0,11.0,12.0,93.2,91.56,77.3,77.5,73.6,20.99,,,65.4,43.61,39.15,46.0,18.85,1.05,74.85,2.35,4.8,32.56666666666666,9.65,7.35,80.2,78.16,1,1
250,Western,Wassa Amenfi East Municipal,Municipal,5.87660585,-1.98975398510416,179696,35.5,44.4,32.21,45.97,54.47,118.61,46.92,61589,113067,5040,18.0,36.0,48.0,11.0,12.0,93.2,85.44,77.3,74.46,73.6,20.44,,,64.35,41.01,39.15,46.0,18.85,1.05,73.34,2.35,4.8,32.56666666666666,9.65,7.35,80.2,77.21,1,1
251,Western,Wassa Amenfi West Municipal,Municipal,5.7735167,-2.5321498,131000,24.9,42.0,29.93,27.83,57.25,115.8,57.28,46337,80942,3721,18.0,36.0,48.0,11.0,12.0,93.2,86.65,77.3,76.35,73.6,18.78,,,65.83,44.59,39.15,46.0,18.85,1.05,74.46,2.35,4.8,32.56666666666666,9.65,7.35,80.2,78.9,1,1
252,Western,Wassa East,District,5.3622378,-1.62070954561049,99641,38.0,42.0,31.67,53.4,64.93,106.45,60.44,37626,57945,4070,18.0,36.0,48.0,11.0,12.0,93.2,87.71,77.3,76.95,73.6,20.43,,,64.31,45.47,39.15,46.0,18.85,1.05,74.31,2.35,4.8,32.56666666666666,9.65,7.35,80.2,79.3,1,1
253,Western North,Aowin Municipal,Municipal,5.69311555,-2.7557437678514,133257,37.1,41.9,38.74,33.75,59.29,114.54,56.9,48296,81457,3504,11.0,22.0,37.0,9.0,15.0,97.7,84.99,93.9,70.07,94.2,22.12,47.11666666666667,16.75,59.8,36.34,38.55,40.7,13.7,0.25,69.46,0.75,6.25,35.01666666666667,6.25,9.45,76.05,70.13,0,0
254,Western North,Bia East,District,6.817878,-3.00681786775424,53073,32.9,41.5,42.63,43.89,66.07,115.28,61.81,20502,31031,1540,11.0,22.0,37.0,9.0,15.0,97.7,80.92,93.9,71.39,94.2,22.4,47.11666666666667,16.75,61.28,37.71,38.55,40.7,13.7,0.25,69.51,0.75,6.25,35.01666666666667,6.25,9.45,76.05,69.01,0,0
255,Western North,Bia West,District,6.56894165,-3.06628883975843,115881,24.5,41.3,10.35,7.14,63.62,108.1,53.18,43962,69099,2820,11.0,22.0,37.0,9.0,15.0,97.7,82.03,93.9,70.72,94.2,20.46,47.11666666666667,16.75,58.96,36.96,38.55,40.7,13.7,0.25,68.08,0.75,6.25,35.01666666666667,6.25,9.45,76.05,66.24,0,0
256,Western North,Bibiani Anhwiaso Bekwai Municipal,Municipal,6.29602085,-2.23398871855776,167971,25.8,41.9,13.49,8.9,58.37,96.07,50.7,59632,102165,6174,11.0,22.0,37.0,9.0,15.0,97.7,83.57,93.9,71.2,94.2,22.7,47.11666666666667,16.75,61.01,37.25,38.55,40.7,13.7,0.25,67.71,0.75,6.25,35.01666666666667,6.25,9.45,76.05,70.55,0,0
257,Western North,Bodi,District,6.24012575,-2.87347603617418,65748,18.6,41.7,58.55,37.76,59.78,105.93,55.59,23783,39785,2180,11.0,22.0,37.0,9.0,15.0,97.7,83.05,93.9,69.17,94.2,22.19,47.11666666666667,16.75,60.82,38.78,38.55,40.7,13.7,0.25,68.51,0.75,6.25,35.01666666666667,6.25,9.45,76.05,71.23,0,0
258,Western North,Juaboso,District,6.3415722,-2.8235416,88814,18.9,42.3,44.93,34.31,57.64,107.72,51.36,31497,54646,2671,11.0,22.0,37.0,9.0,15.0,97.7,81.84,93.9,71.55,94.2,20.15,47.11666666666667,16.75,58.37,35.57,38.55,40.7,13.7,0.25,67.08,0.75,6.25,35.01666666666667,6.25,9.45,76.05,70.37,0,0
259,Western North,Sefwi Akontombra,District,6.0425529,-2.8760069,66689,24.5,42.2,44.28,27.02,63.03,110.55,59.91,24952,39586,2151,11.0,22.0,37.0,9.0,15.0,97.7,82.2,93.9,72.64,94.2,22.02,47.11666666666667,16.75,61.26,39.62,38.55,40.7,13.7,0.25,66.58,0.75,6.25,35.01666666666667,6.25,9.45,76.05,68.08,0,0
260,Western North,Sefwi Wiawso Municipal,Municipal,6.30540429999999,-2.51755838219394,151220,33.3,42.4,28.08,24.68,56.6,99.25,52.68,52721,93140,5359,11.0,22.0,37.0,9.0,15.0,97.7,80.34,93.9,68.74,94.2,21.98,47.11666666666667,16.75,60.85,39.83,38.55,40.7,13.7,0.25,66.89,0.75,6.25,35.01666666666667,6.25,9.45,76.05,70.41,0,0
261,Western North,Suaman,District,6.10824159999999,-3.00869712063798,38268,37.5,41.3,50.34,58.99,53.13,121.94,48.21,12997,24462,809,11.0,22.0,37.0,9.0,15.0,97.7,82.04,93.9,68.87,94.2,24.8,47.11666666666667,16.75,59.95,38.32,38.55,40.7,13.7,0.25,67.35,0.75,6.25,35.01666666666667,6.25,9.45,76.05,70.69,0,0
